postUrl,date,month
https://www.instagram.com/pdamsuryasembada/p/DWkYmYTky2f/,01/04/2026,April
https://www.instagram.com/pdamsuryasembada/p/DWlRhAWDq3i/,01/04/2026,April
https://www.instagram.com/pdamsuryasembada/p/DWnM7yKk646/,02/04/2026,April
https://www.instagram.com/pdamsuryasembada/p/DWnQ_t3k3wh/,02/04/2026,April
https://www.instagram.com/pdamsuryasembada/p/DWnz00zDm_m/,02/04/2026,April
https://www.instagram.com/pdamsuryasembada/p/DWpxsd2kxAE/,03/04/2026,April
https://www.instagram.com/pdamsuryasembada/p/DWu4X5lk1YG/,05/04/2026,April
https://www.instagram.com/pdamsuryasembada/p/DWxv6EyE9_F/,06/04/2026,April
https://www.instagram.com/pdamsuryasembada/p/DWyG3CpE-M1/,06/04/2026,April
https://www.instagram.com/pdamsuryasembada/reel/DW01iRKk5mV/,07/04/2026,April
https://www.instagram.com/pdamsuryasembada/p/DW29f_Zkx4n/,08/04/2026,April
https://www.instagram.com/pdamsuryasembada/p/DW3ALkkE44g/,08/04/2026,April
https://www.instagram.com/pdamsuryasembada/reel/DW3Dm5UE3lq/,08/04/2026,April
https://www.instagram.com/pdamsuryasembada/reel/DW3YQ16k8DX/,08/04/2026,April
https://www.instagram.com/pdamsuryasembada/p/DW56UTTDk9A/,09/04/2026,April
https://www.instagram.com/pdamsuryasembada/p/DXBC3Q6k71A/,12/04/2026,April
https://www.instagram.com/pdamsuryasembada/p/DXEsvPLk2nO/,13/04/2026,April
https://www.instagram.com/pdamsuryasembada/reel/DXG9c_OE5bj/,14/04/2026,April
https://www.instagram.com/pdamsuryasembada/p/DXHMI2UExSw/,14/04/2026,April
https://www.instagram.com/pdamsuryasembada/reel/DXJXUUvjvn0/,15/04/2026,April
https://www.instagram.com/pdamsuryasembada/reel/DXKEqHQE4E-/,15/04/2026,April
https://www.instagram.com/pdamsuryasembada/p/DXN7KKUk3ly/,17/04/2026,April
https://www.instagram.com/pdamsuryasembada/p/DXOhSRKjmu6/,17/04/2026,April
https://www.instagram.com/pdamsuryasembada/p/DXOi00tk-1F/,17/04/2026,April
https://www.instagram.com/pdamsuryasembada/p/DXOpakQE_XA/,17/04/2026,April
https://www.instagram.com/pdamsuryasembada/reel/DXUDpxLE2Jt/,19/04/2026,April
https://www.instagram.com/pdamsuryasembada/reel/DXWoY2ckwZF/,20/04/2026,April
https://www.instagram.com/pdamsuryasembada/p/DXYWN4zE8lH/,21/04/2026,April
https://www.instagram.com/pdamsuryasembada/p/DXYvOVeDqiG/,21/04/2026,April
https://www.instagram.com/pdamsuryasembada/reel/DXZDZVQE9mq/,21/04/2026,April
https://www.instagram.com/pdamsuryasembada/p/DXauNS1k9Un/,22/04/2026,April
https://www.instagram.com/pdamsuryasembada/reel/DXa51ymk3EJ/,22/04/2026,April
https://www.instagram.com/pdamsuryasembada/reel/DXbcTBIEx0B/,22/04/2026,April
https://www.instagram.com/pdamsuryasembada/reel/DXcRNYRk6t6/,23/04/2026,April
https://www.instagram.com/pdamsuryasembada/reel/DXeLCB4k7FX/,23/04/2026,April
https://www.instagram.com/pdamsuryasembada/reel/DXfM3AjE1is/,24/04/2026,April
https://www.instagram.com/pdamsuryasembada/reel/DXft20QEy3O/,24/04/2026,April
https://www.instagram.com/pdamsuryasembada/p/DXf2OFtE6Hl/,24/04/2026,April
https://www.instagram.com/pdamsuryasembada/p/DXgdpCOjhQw/,24/04/2026,April
https://www.instagram.com/pdamsuryasembada/reel/DXhUmxak3-w/,24/04/2026,April
https://www.instagram.com/pdamsuryasembada/p/DXk_5TEE7DY/,26/04/2026,April
https://www.instagram.com/pdamsuryasembada/p/DXn7bv5E0GM/,27/04/2026,April
https://www.instagram.com/pdamsuryasembada/p/DXqYH4tkywI/,28/04/2026,April
https://www.instagram.com/pdamsuryasembada/p/DXqbkY4E_iE/,28/04/2026,April
https://www.instagram.com/pdamsuryasembada/p/DXszJ6ck178/,29/04/2026,April
https://www.instagram.com/call112surabaya/reel/DXtFP-IAZg7/,29/04/2026,April
https://www.instagram.com/pdamsuryasembada/reel/DXtWokYjp2m/,29/04/2026,April
https://www.instagram.com/koran.jawapos/reel/DXtg1MPD4PG/,29/04/2026,April
https://www.instagram.com/pdamsuryasembada/reel/DXtlLgZE20s/,29/04/2026,April
https://www.instagram.com/call112surabaya/reel/DXtr1iUAc0G/,29/04/2026,April
https://www.instagram.com/pdamsuryasembada/p/DXtuv2_ExaC/,29/04/2026,April
https://www.instagram.com/pdamsuryasembada/p/DXt9Km3k0zA/,29/04/2026,April
https://www.instagram.com/pdamsuryasembada/reel/DXuCsV_k7-G/,29/04/2026,April
https://www.instagram.com/cakj1/reel/DXuHl1ikjl3/,29/04/2026,April
https://www.instagram.com/pdamsuryasembada/reel/DXvgq-1k9wH/,30/04/2026,April
https://www.instagram.com/pdamsuryasembada/p/DXvwdoDjpKR/,30/04/2026,April
https://www.instagram.com/pdamsuryasembada/p/DXv6BbRDmXW/,30/04/2026,April
https://www.instagram.com/pdamsuryasembada/p/DXwBuWeDnkL/,30/04/2026,April
https://www.instagram.com/pdamsuryasembada/reel/DXwhiJZE5BL/,30/04/2026,April
https://www.instagram.com/pdamsuryasembada/p/DXwsK5tkxbJ/,30/04/2026,April
https://www.instagram.com/pdamsuryasembada/reel/DXwzJx7Ttx0/,30/04/2026,April
