word,frequency
air,1376
pdam,834
tidak,832
admin,742
meter,648
ada,630
sudah,510
mati,370
rumah,324
nya,300
sampai,290
keluar,280
tagih,270
tapi,262
daerah,256
kasih,248
pasang,246
bayar,246
mohon,238
terima,232
belum,212
ga,186
pakai,186
layan,182
karena,178
alir,164
sekarang,164
surabaya,162
tarif,158
ganti,154
kecil,152
kerja,150
informasi,148
baik,146
jam,144
padahal,144
hidup,142
bocor,136
kakak,136
pagi,134
kapan,128
tugas,126
naik,120
masyarakat,120
malam,118
lebih,114
cek,112
dalam,110
pipa,110
keruh,108
langgan,106
kota,102
jalan,100
selalu,100
catat,98
ubah,96
daftar,96
apresiasi,92
banyak,92
tanggal,92
lapor,92
cepat,92
kebraon,90
lama,90
biaya,84
harus,84
moga,82
selamat,82
tindak,80
warga,80
kode,80
bersih,76
lalu,76
maaf,76
masuk,74
halo,72
hands,72
keran,72
with,70
skin,70
tone,70
lancar,70
respon,70
pesan,66
kena,66
datang,64
face,64
m,62
terang,62
smiling,62
bantu,62
putar,60
aplikasi,60
alhamdulillah,60
keluh,60
semangat,60
kali,58
mandi,58
folded,56
adu,56
siang,56
januari,56
selesai,54
surya,54
rusak,54
lanjut,52
angka,52
wilayah,52
kira,52
sembada,52
listrik,52
tetap,52
area,50
heart,50
normal,50
minum,48
kotor,48
whatsapp,48
lurah,46
keren,46
telepon,46
bukan,46
jelas,44
laku,42
bulan,42
promo,42
usaha,42
surat,42
tanggap,40
golong,40
harga,40
kualitas,40
survey,38
kantor,38
pemberitahuan,38
sore,38
gunung,38
tetangga,38
aju,38
an,36
buka,36
dampak,36
suruh,36
sehat,36
mantap,36
beri,36
nomor,36
isi,34
akan,34
proses,34
diskon,34
salah,34
februari,34
tirta,34
info,34
macet,34
sukses,34
tandon,34
online,34
a,32
tetapi,32
harap,32
ganggu,32
baca,32
kata,32
nyala,32
pompa,30
bengkak,30
tunggu,30
habis,30
x,30
lihat,30
sedang,30
tanah,30
hari,30
mahal,30
benar,28
hampir,28
gang,28
jaya,28
hasil,28
call,28
kan,28
gerak,28
memang,28
capai,28
hubung,26
dapat,26
kubik,26
ditindaklanjuti,26
juta,26
stop,26
nama,26
keluarga,26
syarat,26
anyar,26
via,26
loh,26
sih,26
debit,26
perumda,26
allah,24
hingga,24
lonjak,24
padam,24
utara,24
bau,24
jayapura,24
umum,24
solusi,24
tingkat,24
data,24
mungkin,22
mandiri,22
jaring,22
perlu,22
komplain,22
cara,22
cis,22
beda,22
barat,22
lipat,22
direktur,22
pindah,22
manfaat,22
dukuh,22
center,22
kos,22
mudah,22
atas,22
sulit,22
kawan,20
buram,20
jaga,20
perhati,20
cuman,20
total,20
indah,20
tim,20
kirim,20
gratis,20
kosong,20
tempat,20
salam,20
sambung,20
pam,20
di,20
ku,20
butuh,20
guna,20
lambat,20
unggah,20
barokah,18
masya,18
aja,18
lomba,18
kait,18
tulis,18
ibu,18
masalah,18
susah,18
balas,18
desember,18
posisi,18
selatan,18
rungkut,18
kadang,18
kabupaten,18
salur,16
lapang,16
watt,16
masak,16
layak,16
prestasi,16
biar,16
klumprik,16
besok,16
bagus,16
pln,16
magelang,16
turun,16
lontar,16
kedurus,16
maksimal,16
remaja,16
perintah,16
camat,16
daya,16
anak,16
bangga,16
inovasi,16
mei,14
agak,14
apa,14
raya,14
lokasi,14
kuras,14
drastis,14
gara,14
video,14
indonesia,14
aktivitas,14
target,14
bukti,14
pimpin,14
awal,14
aceh,14
tahun,14
kamar,14
milik,14
bu,14
bangun,14
belah,14
izin,14
penuh,14
pakis,14
promonya,14
normalisasi,14
tutup,14
tangga,14
ulang,14
rp,14
kendala,14
pas,14
jawab,14
manuk,14
update,14
sistem,14
aamiin,14
teman,14
ucap,14
kece,14
gali,14
tangan,14
kanan,14
cuci,14
bak,14
kontrak,14
timur,14
minggu,12
sekolah,12
sama,12
lengkap,12
nilai,12
tahan,12
coba,12
lindung,12
berkah,12
estimasi,12
bulak,12
jadi,12
ta,12
cantik,12
jaman,12
setro,12
resmi,12
periode,12
deh,12
paling,12
tambak,12
maret,12
sumur,12
bumd,12
murah,12
akal,12
jajar,12
deras,12
sedia,12
alas,12
bilang,12
progres,12
barusan,12
kapas,12
buat,12
subuh,12
open,12
denda,12
pelan,12
rencana,12
bagi,12
depan,12
embun,12
semenjak,12
kampung,12
indomaret,12
tambah,12
kiri,12
profesional,10
parah,10
kini,10
heran,10
kayak,10
magang,10
foto,10
ke,10
gaada,10
brapa,10
rubah,10
bupati,10
sekali,10
keliling,10
berangkat,10
gunungsari,10
berat,10
hand,10
puasa,10
ijin,10
tirtanadi,10
ribu,10
perum,10
putih,10
wiyung,10
banget,10
menang,10
kontrol,10
h,10
terus,10
ratus,10
cerah,10
retribusi,10
sini,10
kebumen,10
wonokromo,10
banjar,10
dprd,10
ok,10
upaya,10
jambang,10
pilih,10
anggota,10
manyar,10
raih,10
semarang,10
ujung,10
bawah,10
error,10
angkat,10
kelompok,10
jarang,10
pagesangan,10
tiktok,10
bikin,10
hebat,10
baru,10
film,10
kak,10
batas,10
kupang,10
tabarakallah,10
alami,10
permisi,10
hutang,10
bos,10
fungsi,10
pemakain,10
operator,10
konfirmasi,10
kembang,10
psb,10
lingkung,10
distribusi,10
sidosermo,10
maju,10
lowong,10
klu,10
pinjol,8
tersier,8
jingle,8
cover,8
aduh,8
sibuk,8
sidotopo,8
akibat,8
tadi,8
ketintang,8
selang,8
jarum,8
luar,8
darmo,8
itu,8
jan,8
tinggi,8
program,8
babatan,8
dasar,8
menit,8
oktober,8
april,8
pusat,8
pun,8
beli,8
oke,8
bangking,8
nikmat,8
desa,8
cinta,8
belakang,8
senang,8
besar,8
komentar,8
hapus,8
usia,8
tinjau,8
ngagel,8
siwalankerto,8
sumber,8
siap,8
peduli,8
ambil,8
instagram,8
masyaallah,8
utama,8
saran,8
survei,8
digital,8
jadwal,8
jambi,8
enak,8
main,8
web,8
kenjeran,8
uang,8
tukang,8
dikit,8
kaporit,8
positif,8
manajemen,8
fisik,8
responsif,8
kelola,8
huni,8
banda,8
motivasi,8
sleman,8
syukur,8
wakil,8
tara,8
maka,8
tangerang,8
libur,8
alamat,8
siring,8
lebar,8
tapak,8
tampung,8
tekan,8
antri,8
madya,8
gin,8
ayo,8
kalijudan,8
s,8
tetes,8
kelas,8
umbul,8
pbb,8
bisa,8
bingung,8
aman,8
suka,8
ktp,8
dark,8
panjang,8
muaro,8
baubau,8
wajar,8
atur,8
tinggal,8
coklat,8
tua,8
mojo,8
keras,8
mas,8
nasional,8
pad,8
kodam,8
segi,6
luas,6
periksa,6
mksh,6
detail,6
waris,6
mampir,6
slow,6
wetan,6
rusa,6
menu,6
mem,6
kawasan,6
rendah,6
bumi,6
tnya,6
kerjasama,6
dirut,6
temu,6
kunjung,6
bahan,6
thumb,6
crossed,6
finger,6
and,6
tok,6
set,6
intan,6
soal,6
ringan,6
perak,6
makassar,6
kulon,6
sambikerep,6
responnya,6
cabut,6
medok,6
kaca,6
gojek,6
tanda,6
konsumen,6
signifikan,6
input,6
griya,6
dino,6
suara,6
full,6
tanggung,6
tegalsari,6
masjid,6
got,6
bunyi,6
eh,6
teknologi,6
induk,6
terap,6
hujan,6
app,6
suwun,6
katup,6
lupa,6
my,6
tuju,6
lantai,6
piring,6
komen,6
medium,6
persis,6
kencang,6
sejahtera,6
betul,6
mesti,6
simolangit,6
kategori,6
pusing,6
banding,6
banjir,6
tahu,6
pagar,6
nyata,6
tolong,6
manakarra,6
miliar,6
mamuju,6
gila,6
cenderung,6
satria,6
rekening,6
pikir,6
kacau,6
pakuwon,6
hadiah,6
walikota,6
konsisten,6
warna,6
benowo,6
download,6
prima,6
pondok,6
index,6
direksi,6
puas,6
sutisna,6
entis,6
lansung,6
job,6
good,6
kunci,6
pasir,6
suvey,6
ukur,6
sip,6
capek,6
off,6
matur,6
aidzin,6
mal,6
muncul,6
bla,6
aneh,6
pernah,6
alih,6
cabang,6
wali,6
alam,6
sebab,6
website,6
serta,6
gading,6
miskin,6
teknik,6
bank,6
tanya,6
bendera,6
rasa,6
sawah,6
permai,6
iv,6
korban,6
pantau,6
sana,6
lor,6
jempol,6
eri,6
risiko,6
malang,4
kalah,4
kalilom,4
pantas,4
mari,4
kartini,4
out,4
ngga,4
konten,4
showing,4
srikandi,4
globe,4
kupon,4
diupload,4
bsi,4
administrasi,4
contoh,4
olah,4
maksutnya,4
sat,4
demak,4
flushing,4
prosedur,4
lunas,4
stabil,4
server,4
hubungngi,4
format,4
shopee,4
diri,4
mind,4
recruitment,4
dunk,4
sewa,4
haloo,4
transfer,4
rekeninganya,4
pdk,4
lebaran,4
nak,4
duduk,4
mastrip,4
warugunung,4
rw,4
jatuh,4
pintu,4
lulus,4
id,4
woi,4
semprot,4
sebut,4
filter,4
maghrib,4
mancur,4
kuat,4
follow,4
smg,4
harjadi,4
respons,4
terimkasih,4
sei,4
agul,4
sbg,4
provinsi,4
komisi,4
c,4
muh,4
daroy,4
tunjuk,4
perpamsi,4
ajak,4
q,4
bah,4
rumit,4
krisis,4
bicara,4
untung,4
non,4
lahir,4
batin,4
umroh,4
subhanallah,4
undi,4
kumpul,4
walfaizin,4
nominal,4
misi,4
sia,4
admint,4
bijak,4
lues,4
ombudsman,4
pokok,4
sejuk,4
gayo,4
surprise,4
kontribusi,4
collapse,4
juang,4
silaturahmi,4
back,4
matang,4
tentu,4
mampat,4
lucu,4
bayang,4
protes,4
jelek,4
piket,4
jumat,4
angggota,4
minimum,4
bandarmadih,4
ranking,4
pemkab,4
pegawai,4
beban,4
juara,4
antara,4
kepala,4
sandang,4
tomohon,4
pm,4
aku,4
adalagi,4
mustiani,4
wikanti,4
pulo,4
kembali,4
gorong,4
langkah,4
laksana,4
mulya,4
sahabat,4
amin,4
suplai,4
buton,4
karyawannya,4
mobile,4
tiba,4
kutorejo,4
ii,4
ramadhan,4
titip,4
bohong,4
silah,4
managemen,4
suci,4
garut,4
dewas,4
ton,4
pradah,4
kalikendal,4
wonocolo,4
ini,4
busa,4
susu,4
dinoyo,4
hadir,4
angke,4
merespon,4
terjun,4
komitmen,4
jakarta,4
pt,4
mbak,4
gubeng,4
pulosari,4
sari,4
ingat,4
bandang,4
infrastruktur,4
satgas,4
inti,4
peran,4
salut,4
alhamdullilah,4
agus,4
kejawan,4
kasihan,4
antisipasi,4
maritim,4
tangki,4
ember,4
acara,4
hitung,4
help,4
erti,4
muas,4
ploduk,4
bonus,4
lumpur,4
aktif,4
asli,4
titik,4
stand,4
top,4
jojoran,4
dinas,4
komunikasi,4
rukem,4
alias,4
mulyorejo,4
komunitas,4
pelang,4
rejo,4
assalamualaikum,4
kedungdoro,4
candi,4
mintak,4
otomatis,4
karat,4
dua,4
november,4
hmpr,4
tamu,4
pojok,4
putus,4
sktr,4
alat,4
cocok,4
tera,4
sperti,4
terkadang,4
mutar,4
bandarejo,4
koreksi,4
wonorejo,4
baratajaya,4
sd,4
meski,4
joget,4
giat,4
efektif,4
kimia,4
atom,4
clapping,4
buron,4
all,4
pihak,4
raised,4
of,4
september,4
volume,4
pel,4
kontra,4
rupiah,4
kisar,4
muka,4
sangkut,4
ikip,4
hilang,4
sidoarjo,4
abu,4
puluh,4
kaget,4
gilir,4
hormat,4
yuk,4
person,4
nih,4
pratama,4
punya,4
popok,4
grab,4
simo,4
nabrak,4
b,4
campur,4
timbang,4
biasa,4
kemlaten,4
kaos,4
kaki,4
sahur,4
edukasi,4
benah,4
karang,4
mampu,4
bebas,4
dengar,4
sabar,4
teknisi,4
loker,4
cari,4
gayung,4
krembangan,4
seru,4
palms,4
together,4
abdi,4
lap,4
alkah,4
bismillah,4
p,4
jawatimur,4
bill,4
ter,4
difollow,4
masal,4
si,4
jemurwonosari,4
barokalloh,4
sambut,4
serba,4
mbk,2
sisa,2
siip,2
deres,2
didik,2
beasiswa,2
siswa,2
siswi,2
bpkp,2
kalimantan,2
supriyadi,2
balikpapan,2
niat,2
manejemen,2
humas,2
kreatif,2
lab,2
eko,2
for,2
centre,2
delima,2
simak,2
dari,2
sayang,2
barokallah,2
tinnggikan,2
europe,2
health,2
talk,2
wanita,2
saudara,2
den,2
sugeng,2
admiration,2
individu,2
targetterima,2
pasok,2
siapa,2
kian,2
tambaksari,2
dahulu,2
analisa,2
keerusakannya,2
fresh,2
graduated,2
closed,2
password,2
akun,2
durasi,2
sipil,2
travel,2
pijat,2
kilir,2
kecetit,2
ramah,2
hirau,2
gede,2
hati,2
naya,2
spesial,2
injoko,2
arjuno,2
ptc,2
abah,2
aripin,2
kenal,2
katsiron,2
oh,2
god,2
mikir,2
takjil,2
tertawa,2
nyemil,2
ketawa,2
rabb,2
mashaallah,2
mulai,2
share,2
minimal,2
rab,2
jos,2
syukron,2
menjangan,2
tales,2
modern,2
bendul,2
lekkk,2
menindaklanjuti,2
dadak,2
wisma,2
rata,2
persil,2
gudang,2
editor,2
unggul,2
kecewa,2
karah,2
timbul,2
deteksi,2
pelosok,2
sedih,2
buang,2
aset,2
asemrowo,2
undur,2
juga,2
pulsa,2
alfamart,2
tokopedia,2
bagimana,2
rawat,2
mau,2
optimal,2
resap,2
haduw,2
customer,2
buru,2
airnyaa,2
pok,2
o,2
raup,2
muhammad,2
banyu,2
marah,2
pesing,2
gebyur,2
balasklumprik,2
sebentar,2
om,2
pak,2
alhasil,2
kirain,2
mah,2
sabun,2
gatal,2
suami,2
jelang,2
kolom,2
graha,2
sampurna,2
tolak,2
rawan,2
tipu,2
maling,2
abonemen,2
report,2
wedi,2
kah,2
patah,2
amat,2
benerin,2
was,2
kumur,2
berwudhu,2
balut,2
letak,2
tajam,2
pacarkembang,2
kendangsari,2
inspeksi,2
ngembun,2
banyuurip,2
dl,2
bubut,2
jarak,2
bekas,2
tambakwedi,2
duta,2
crown,2
kebonsari,2
tepat,2
kawal,2
kendal,2
bogangin,2
auto,2
posting,2
berapa,2
buanget,2
regency,2
toling,2
professional,2
trial,2
updatenya,2
semolowaru,2
balongsari,2
ditanggapin,2
sikeras,2
hitam,2
yang,2
bypas,2
kasus,2
greges,2
mayor,2
lotus,2
takut,2
sertifikasi,2
agustus,2
bening,2
topic,2
jagir,2
sidomukti,2
sidodadi,2
gosok,2
gigi,2
dan,2
lain,2
kemari,2
asri,2
by,2
kurang,2
mulyo,2
grup,2
hidrogen,2
oksigen,2
rumus,2
ho,2
asia,2
australia,2
rebus,2
sanggup,2
hemat,2
zat,2
panjangjiwo,2
rekan,2
action,2
rang,2
nalar,2
shrsnya,2
sesui,2
bagaiman,2
jumlah,2
sanyo,2
pakbu,2
nuswantoro,2
paving,2
gelap,2
simolawang,2
sukomanunggal,2
complain,2
rinci,2
rincian,2
sungguh,2
perinci,2
maksud,2
cuc,2
ketok,2
kwh,2
skolah,2
jgan,2
lampir,2
pandaan,2
chengho,2
tembak,2
ketik,2
ngembung,2
kilo,2
edar,2
va,2
check,2
rembes,2
pn,2
hp,2
made,2
tanjung,2
putat,2
morokrembangan,2
grandharvest,2
bulu,2
loading,2
budaya,2
laju,2
dillaporkan,2
dewasa,2
bayi,2
materan,2
usang,2
lali,2
ragu,2
test,2
cetak,2
nginap,2
trtap,2
menjdi,2
akalberlebihan,2
singkat,2
model,2
beol,2
meteranmet,2
lumut,2
sedikithemat,2
dpn,2
munta,2
kareana,2
magrib,2
angak,2
slip,2
sapa,2
rabu,2
grafik,2
kabur,2
xm,2
mngkin,2
sumbat,2
pemakaia,2
selokan,2
dipake,2
sabrangan,2
bibis,2
rugi,2
ukran,2
l,2
sebelumx,2
tarip,2
penjelasanx,2
hun,2
evil,2
monkey,2
lempung,2
dar,2
sungai,2
kru,2
pekat,2
bapak,2
samain,2
dng,2
sempit,2
jaih,2
pandom,2
banger,2
korah,2
metaran,2
koteks,2
rendam,2
tabel,2
tsk,2
tenggelam,2
tda,2
or,2
nusantara,2
umur,2
tempel,2
sukorejo,2
best,2
pimpim,2
seluler,2
isya,2
bosan,2
gresik,2
kedung,2
star,2
struck,2
kambuh,2
nakes,2
sanyoo,2
sesuai,2
sudirman,2
labansari,2
kompak,2
pucang,2
sewu,2
mitra,2
zamhuri,2
tagihnaya,2
beres,2
spidometer,2
smntara,2
mash,2
nt,2
nggk,2
nov,2
pipis,2
tukimin,2
yaaaaa,2
lagiiiii,2
kompensasi,2
bumn,2
endonesiyahhhh,2
saat,2
urus,2
lambung,2
rekkkk,2
nentuin,2
san,2
antonio,2
city,2
banter,2
des,2
aaal,2
jalanmutar,2
jual,2
tanam,2
pancing,2
penghisap,2
slowrespon,2
karangrejo,2
badan,2
minus,2
lanjutin,2
loss,2
fikir,2
diinput,2
unit,2
mentingin,2
ketimbang,2
satset,2
dikranggan,2
srkg,2
pilang,2
bengawan,2
solo,2
terlalu,2
nyatet,2
selisih,2
sektor,2
jane,2
organik,2
tes,2
kalibrasi,2
airmya,2
kuning,2
lidah,2
ngajukan,2
kutu,2
nambah,2
dicatet,2
ngarang,2
nyuci,2
garuk,2
adminnya,2
dear,2
amis,2
ip,2
ambigu,2
belanda,2
arah,2
spv,2
feedback,2
so,2
ngge,2
list,2
beras,2
efisien,2
telpon,2
dongg,2
biarpun,2
datar,2
taruh,2
mobil,2
tank,2
manajer,2
laporin,2
tinggl,2
pergi,2
msih,2
lantas,2
kranggan,2
jum,2
at,2
sengat,2
donokerto,2
niih,2
yok,2
mulyosari,2
me,2
hiks,2
paksa,2
sholat,2
akurat,2
doang,2
canggih,2
hambat,2
kolaborasi,2
pantai,2
ikan,2
kencana,2
residence,2
kerjaa,2
sawunggaling,2
segar,2
batal,2
gebrak,2
kenan,2
eka,2
achmadi,2
ipar,2
maut,2
tebak,2
judul,2
banjarsari,2
cerme,2
cpt,2
jernih,2
dukung,2
menteri,2
putr,2
iring,2
said,2
genre,2
isu,2
pandegiling,2
omong,2
adil,2
sumsel,2
dapil,2
palembang,2
tunda,2
publik,2
taka,2
tenang,2
teknis,2
matawai,2
amahu,2
sumba,2
mangapa,2
dompet,2
cumpat,2
struktur,2
realistis,2
concern,2
sdm,2
optimis,2
subang,2
astaga,2
residen,2
tehnik,2
pacet,2
sekitar,2
wil,2
keputran,2
semalem,2
kilas,2
memori,2
karya,2
masterpiece,2
novelis,2
gagal,2
tiket,2
nonton,2
tular,2
angling,2
dharmo,2
misteri,2
rapi,2
artis,2
genta,2
buana,2
limpah,2
idul,2
fitri,2
masha,2
swt,2
senantiasa,2
robbal,2
alamiin,2
kenerja,2
sigap,2
application,2
minta,2
tears,2
sobat,2
love,2
you,2
sendangmulyo,2
haryadi,2
panitia,2
khusus,2
kumuh,2
melky,2
sisi,2
cakup,2
medsos,2
simpul,2
cerdas,2
minut,2
ebagian,2
adrian,2
boy,2
ngenget,2
kampus,2
merk,2
onda,2
nyal,2
ristawati,2
sentosa,2
dedikasi,2
ria,2
adam,2
indra,2
sinergitas,2
solid,2
masna,2
busro,2
budi,2
chat,2
setor,2
dividen,2
ikut,2
jejak,2
regional,2
wtp,2
tropik,2
mesin,2
monianse,2
statemen,2
lompat,2
tahap,2
asisten,2
sakit,2
khairul,2
kes,2
sekertaris,2
lombok,2
loteng,2
sembah,2
jabat,2
tengah,2
komit,2
ahmad,2
buku,2
lampau,2
wlikota,2
efisiensi,2
cashflow,2
rangka,2
canang,2
sederhana,2
pnjelasan,2
ruang,2
ktm,2
dara,2
sdg,2
produksi,2
holding,2
pendistibusian,2
kamis,2
duh,2
awan,2
buruk,2
sulitt,2
airlangga,2
diskriminasi,2
selanjunya,2
khoirul,2
wastafel,2
portable,2
bongkar,2
golonongan,2
padhal,2
cowek,2
sidomulyo,2
hisap,2
batulanteh,2
pulau,2
revitalisasi,2
baaru,2
cukup,2
bungin,2
disosialisaiskan,2
nomr,2
lagi,2
tunggak,2
google,2
webnya,2
darimana,2
segitu,2
penalti,2
tantang,2
kapuas,2
ben,2
brahim,2
bahat,2
cahyano,2
prabayar,2
dena,2
sembilan,2
admistrasi,2
peringkat,2
lepas,2
muara,2
kerucut,2
kotim,2
pacu,2
bandarmasih,2
pon,2
xx,2
peparnas,2
xvi,2
attas,2
barito,2
ramadan,2
sumatera,2
kabir,2
bedi,2
musholla,2
amiin,2
hut,2
goodie,2
bagnya,2
ketemu,2
mbulet,2
sikat,2
usman,2
patut,2
senentang,2
sekalimantan,2
kompatir,2
faidzin,2
ketupat,2
aminullah,2
sembarang,2
kolam,2
renang,2
baju,2
kopi,2
sosialisasi,2
visi,2
tunai,2
ibadah,2
payah,2
go,2
jangka,2
wal,2
deket,2
toko,2
mebel,2
didlm,2
complainan,2
pelanggaam,2
jangan,2
micron,2
waohh,2
ehehehe,2
tb,2
samaa,2
wonolitri,2
pgi,2
genting,2
tekananya,2
billah,2
suwon,2
sanget,2
dorong,2
yarobbal,2
alamin,2
taabarokallah,2
menyalaaa,2
terbaikkk,2
jayaa,2
selaluuu,2
laa,2
haula,2
wala,2
quwwata,2
illa,2
bea,2
pajak,2
cobak,2
pribadi,2
malah,2
irit,2
treatment,2
assalamu,2
mlam,2
cut,2
penasaran,2
mata,2
pasuruan,2
tirtosari,2
potong,2
balass,2
dangkal,2
diameter,2
mm,2
soalny,2
mautanya,2
cemungud,2
pasu,2
biru,2
hub,2
updatenyaaa,2
publish,2
mn,2
praban,2
tandes,2
kapasari,2
pakal,2
forum,2
padat,2
kit,2
situ,2
gununganyar,2
anda,2
berak,2
sampa,2
yatim,2
amanah,2
ummat,2
umi,2
karangpilang,2
dtansfer,2
bri,2
nur,2
lembar,2
kertas,2
dandan,2
mu,2
lemah,2
goda,2
licin,2
layar,2
alaikum,2
elektro,2
dokumen,2
bthkan,2
trpadangnya,2
in,2
watshsp,2
gimna,2
futsal,2
ios,2
tah,2
ayak,2
wawancara,2
numpang,2
pada,2
sendiri,2
badminton,2
mbiyen,2
latih,2
kene,2
minsub,2
olahraga,2
nongkrong,2
wrld,2
umumim,2
doble,2
veteran,2
suveyor,2
ken,2
curhat,2
surveyor,2
juli,2
torrent,2
dlh,2
saksi,2
unda,2
sndri,2
bawa,2
solasi,2
sudaj,2
epanet,2
watergems,2
internal,2
dftrnya,2
ngurusnya,2
pencerahaannya,2
eror,2
kuota,2
industri,2
baanyak,2
landscape,2
potrait,2
kiro,2
ra,2
kyke,2
nyalaa,2
dosen,2
awet,2
muda,2
tenant,2
grand,2
final,2
apakag,2
jurus,2
slide,2
now,2
watching,2
merdeka,2
pigak,2
form,2
pengumumamnya,2
umumin,2
poin,2
tukar,2
doorprize,2
lambang,2
ngajar,2
inspirasi,2
stainless,2
steel,2
xa,2
nemu,2
tampak,2
istri,2
jamin,2
bot,2
lestari,2
tambahin,2
sedot,2
bgitu,2
brarti,2
wonokusumo,2
t,2
konco,2
kelanjutanny,2
pendam,2
duga,2
skema,2
seri,2
paralel,2
satu,2
stok,2
makam,2
blok,2
financing,2
mamaaaa,2
mamaaa,2
token,2
ribua,2
wattbapa,2
gimaana,2
nenek,2
kyai,2
amir,2
karangpoh,2
jalur,2
linknya,2
discon,2
arti,2
pre,2
smk,2
gbsa,2
wisnu,2
aspal,2
ambles,2
maspati,2
covid,2
nge,2
hmm,2
nitrogenya,2
masib,2
ber,2
status,2
offline,2
akhir,2
bner,2
tiada,2
byond,2
lebak,2
nop,2
kemballi,2
dpat,2
pisah,2
oleh,2
terusin,2
swada,2
step,2
brimo,2
yng,2
barangkali,2
bnr,2
makas,2
tempo,2
imbas,2
petak,2
instalasi,2
tksh,2
dobel,2
bon,2
efek,2
meningkatkanv,2
sus,2
bidang,2
diknas,2
kurikulum,2
ekstrakurikuler,2
pola,2
real,2
sekretaris,2
sekda,2
hm,2
harry,2
zein,2
mantapp,2
oalah,2
saputra,2
manual,2
balai,2
tiram,2
pesisir,2
benchmarking,2
versi,2
markplus,2
inc,2
percaya,2
panggung,2
media,2
sosial,2
digitalisasi,2
ri,2
acung,2
perumdam,2
leeat,2
dftr,2
ketidakpastian,2
mennghambat,2
sasar,2
strategis,2
standby,2
utang,2
tenggumung,2
garuda,2
seragam,2
pembyran,2
dtabase,2
akhlak,2
eric,2
kok,2
mulut,2
hai,2
otp,2
login,2
inj,2
sedat,2
adaaa,2
kering,2
lhamdulillah,2
swmoga,2
project,2
benteng,2
cicil,2
pasti,2
scara,2
berkas,2
congratulations,2
bimbing,2
kwerennn,2
mantaaapppp,2
wow,2
ahsiyaaappp,2
tengkiyu,2
hehehe,2
