comment_text;final_data;predicted_aspect;similarity_score
Pemasangan baru tidak ada kelanjutan setelah survey.katanya bisa komplain cs lewat wa.sedangkan di wa gak ada tanggapan….;pasang tidak lanjut survey kata komplain layan langgan whatsapp sedang whatsapp tidak tanggap;Pelayanan;0.4066688479928196
Sama naik semua ini juga komplen..biasanya cuma 90an sekrang 230an..duh semua serba membayar to …jadi g percaya sama pemerintah begini:crying_face:;komplain biasa an aduh serba bayar kan ga percaya perintah;Pelayanan;0.08191708105176987
Min kalau puteran PDAM dol itu sya ngadu kesiapa ya;admin keran pdam rusak adu ke siapa;Meteran (Macet/Bermasalah);0.26353910110886414
Denda PDAM telat ngalah2in pinjol 50k jadi 150k :face_with_tears_of_joy::face_with_tears_of_joy: parahhh;denda pdam lambat kalah pinjol parah;Harga;0.16208331219283453
Air ya klo pagi dan jam 3 sore kenapa selalu mati;air pagi jam sore mati;Air Tidak Mengalir;0.07340111084447715
gimana si, udah menghubungi layanan pengaduan sudah hampir seminggu tidak ada tindak lanjut!;si hubung layan adu hampir minggu tidak tindak;Pelayanan;0.3133545913174425
Air PDAM daerah Jemurwonosari pagi sdh mati sore juga kalau pun keluar kecil , juga kotor tolong d cek;air pdam daerah jemurwonosari pagi mati sore keluar kecil kotor cek;Air Tidak Mengalir;0.20354634247861755
Pak tolong tenggumung wetan gang garuda mati udah 3 hari ini... Tolong di tindak lanjuti ..;tenggumung wetan gang garuda mati tindak lanjut;Pelayanan;0.06520669698180426
PDAM tidak keluar air setro baru Utara 9;pdam tidak keluar air setro utara;Air Tidak Mengalir;0.10319659943394047
Td ada petugas pdam ke rmh namun tdk menggunakan seragam resmin pdam katanya mau peremajaan meteran apa betul? Untuk kelurahan dukuh menanggal;tugas pdam rumah tidak guna seragam resmi pdam kata remaja meter lurah dukuh tanggal;Meteran (Macet/Bermasalah);0.15781755401859027
Pdam naik melulu ya?;pdam;Air Kotor/Bau;0.0
Halo Kak selamat malam, maaf mengganggu waktunya, saya ingin menyampaikan keluhan terkait aliran air PDAM di wilayah tempat tinggal saya di daerah keputih makam Blk. E1. Sudah cukup lama air hanya mengalir pada malam hari, sekitar pukul 23.00 ke atas, sedangkan dari pagi hingga sore hari sama sekali tidak ada aliran air. Hal ini tentu sangat menyulitkan aktivitas rumah tangga kami. Selain itu, tekanan air yang masuk ke rumah sangat kecil. Bahkan jika saya lupa menutup valve pipa, air di tandon bisa tersedot habis, diduga karena sistem distribusi air di lingkungan kami menggunakan skema seri, bukan paralel. Ini menyebabkan aliran air tidak stabil dan tidak tersedia selama 24 jam.;halo kak selamat malam maaf ganggu keluh kait alir air pdam wilayah daerah putih makam blk nya air alir malam pagi hingga sore tidak alir air sulit aktivitas rumah tangga tekan air masuk rumah kecil lupa tutup katup pipa air tandon sedot habis duga sistem distribusi air lingkung guna skema seri bukan paralel sebab alir air tidak stabil tidak sedia jam;Air Tidak Mengalir;0.13494982344131345
Hari ini, barusan jam 14.45 WIB air mati di daerah Kebraon. Tolong petugas cek ke lapangan @pdamsuryasembada;barusan jam air mati daerah kebraon tugas cek lapang;Air Tidak Mengalir;0.04708657783010834
Tolong dicek @pdamsuryasembada  setro baru Utara air terlalu kecil sehingga tandon tidak mengisi tolong di tindak lanjuti terimakasih setro baru Utara 9;cek setro utara air kecil tandon tidak isi tindak lanjut terimakasih setro utara;Air Tidak Mengalir;0.05289456067307881
Maaf ni mau tanya kalau air pdam daerah surabaya wiyung kotor sminggu lebih. Tolong di cek kondisi tandon atau stok air. Trimakasih;maaf air pdam daerah surabaya wiyung kotor sminggu cek tandon stok air terima kasih;Air Kotor/Bau;0.08260539291055846
Halo, saya pakai cuma 4m3 setiap bulan, kenapa tagihan selalu 10m3 ya kak?;halo pakai m tagih m kak;Air Kotor/Bau;0.0
@pdamsuryasembada_ kenapa air d Kalijudan mati hari ini sampai sekarang blm klwr;air kalijudan mati keluar;Air Tidak Mengalir;0.20993411300923076
Laporan ke PDAM tambah dikasih nomer pencatat meter...ditelp gaknisanwoi. Piye Iki tagihan ku gak sesuai meteran ....fast respon dong;lapor pdam kasih nomor catat meter di telepon ga bisa woi tagih ku tidak meter cepat respon;Meteran (Macet/Bermasalah);0.07407282401704984
Petugas yg dtg ada bbrpa, jd bingung;tugas bbrpa bingung;Air Kotor/Bau;0.0
Biasanya petugas pdam sdh ijin rt dan petugas keamanan;tugas pdam ijin tugas aman;Air Kotor/Bau;0.0
"Kenapa ya PDAM saya itu dulunya tarifnya gol 1.3 tiba-tiba berubah jadi 2.1 padahal tetangga saya semuanya tarif gol nya 1.3 ada yg seperti saya tapi itu punya kos sedangkan saya saja rumah pribadi dan GK menyalurkan air ke tetangga rumah saya juga GK besar malahan ada lho dipintunya tulisan ""keluarga miskin"" yg dari pemerintah gara-gara hal itu tarif PDAM saya menjadi banyak setiap bulannya padahal saya sampai ngirit pakai air nya";pdam tarif golong ubah tetangga tarif golong nya kos rumah pribadi ga salur air tetangga rumah ga malah loh pintu tulis keluarga miskin perintah gara gara tarif pdam bulan ngirit pakai air nya;Harga;0.1168665508845729
Air pdam makin hari makin kotor sekali.... Apa nggak d treatment? Masak perusahaan daerah air minum jangankan air nya di minum.... Mau mandi aja nggak layak.... Sudah dpasang filter 1 micron pun nggak ada hasil:crying_face:;air pdam kotor tidak treatment masak usaha daerah air minum jangan air nya minum mandi tidak layak dpasang filter micron tidak hasil;Air Kotor/Bau;0.05693780588827118
Sakben maghrib banyune buko makane g mancur?? Opo sanyomu rusak gak kuat nyemprot sampek kapas gading madya?;sakben maghrib air buko makane ga mancur sanyomu rusak tidak kuat nyemprot kapas gading madya;Meteran (Macet/Bermasalah);0.08028821179815716
ngajuin surat keberatan tagihan dari bulan januari sampe sekarang gak ada tanggapan. tagihan naik gara2 meter pdam yg rusak, malah pelanggan yang harus bayar kelebihan tagihannya. sekelas perusahaan daerah koq gak profesional gini;ngajuin surat berat tagih januari tidak tanggap tagih gara meter pdam rusak langgan bayar lebih tagih kelas usaha daerah tidak profesional gin;Meteran (Macet/Bermasalah);0.09815247866672018
2 bulan tagihan air kenapa melonjak ya;tagih air lonjak;Air Kotor/Bau;0.0
Dari pagi tadi air nggak keluar.. parah parah;pagi air tidak keluar parah parah;Air Tidak Mengalir;0.07452721061875904
PDAM GA WARAS, TAGIHAN SETELAH HARI RAYA SELALU TIBA2 NAIK DRASTIS PETUGAS SALAH NYATAT HARUSNYA 14 MALAH DITULIS 114!! GILAK TAGIHANKU JADI 500RB BULAN INI GILA JGN NGAWUR LAH ORG DI RMH ISINYA CMN 2 ORG GAADA KEBOCORAN SAMA SEKALI, GAADA KOLAM RENANG AIR CMN DI PAKE BUAT MANDI SAKA CUCI BAJU KOK BISA TAGIHAN BULAN MEI KMRN 500RB GILS;pdam ga waras tagih raya drastis tugas salah nyatat tulis gilak tagih gila bicara sembarang rumah isi cuman tidak ada bocor tidak ada kolam renang air cuman pakai mandi saka cuci baju tagih mei gils;Kebocoran;0.05149683749080614
Tagihan yg sangat tidak masuk akal. Jika kelas tarif dipindah ya harus info dong ga langsung di naikkan harga. PDAM dr harga 60rb bulan ini masuk 190rb. Usaha kecil diperkampung untung pun hanya sedikit;tagih tidak masuk akal kelas tarif pindah informasi ga naik harga pdam harga masuk usaha kecil kampung untung;Harga;0.216136141922972
PDAM februari melonjak sekali ya admin.. biasany normal 500rbuan... Ini di cek hampir 700 ribuan.. mohon di bantu infonya.;pdam februari lonjak admin normal ribu an cek hampir ribu mohon bantu info;Air Kotor/Bau;0.0
Aliran air di mojo segera ditindak lanjuti dari pada saya datangi kantornya :fire::fire::fire:;alir air mojo tindak lanjut datang kantor;Air Tidak Mengalir;0.09996562313396552
Air PDAM wilayah Utara Surabaya setro baru Utara sulit mengalir kecil ,,tolong di TL;air pdam wilayah utara surabaya setro utara sulit alir kecil tl;Air Tidak Mengalir;0.13202510035820678
Mohon ditindak lanjuti @pdamsuryasembada;mohon tindak lanjut;Pelayanan;0.12745986826135777
Cra hubungi gmna ya biar ada kejelasan.. sya sudah byar biaya penggantian stop kran. Ktanya nunggu 1-7hari tp smpai hari ke 7 blm ada petugas dtang.. tlong  pencerahan nya min:folded_hands:;hubung biar jelas bayar biaya ganti stop keran ktanya nunggu tugas cerah nya admin;Harga;0.11386737837479974
gmn pemberitahuan resminya kalo memang peraturan kost 6 kamar dikenakan tarif 3.2A ? apa akal²an petugas aja, dikira kalo punya kost penghasilan banyak gitu?trs diganti dari 2.1 ake 3.2A ?ini cuma 6 kamar, bukan 10 atau 20 kamar,;pemberitahuan resmi memang atur kost kamar kena tarif a akal tugas kost hasil gitutrs ganti ake a kamar bukan kamar;Harga;0.0482251743030622
Biaya Retribusi itu untuk apa ya,,,,;biaya retribusi;Harga;0.1720714789010539
Ini apa ada perbaikan ta .ko' air klr di rmh sya kecil kdng gak.nyal.dr setelah bayar .;baik ta air keluar rumah kecil kadang ga hidup bayar;Air Tidak Mengalir;0.14847959633508545
Saya sudah mengajukan penggantian meteran, karena meteran rumah yg saya tinggali macet/rusak, sejak tanggal 23 Januari 2025 dan sampai sekarang belum ada tindak lanjut. Dengan no pengaduan PM2025000000825. LALU TAGIHAN SAYA BULAN JANUARI METERAN AKHIR 136 TAPI DI TAGIHAN BULAN FEBRUARI METERAN AWAL 116 DAN METERAN AKHIR 136. PADAHAL SAYA SUDAH LAPOR METERAN SAYA MACET/RUSAK, TAPI MALAH CATATAN METERAN YG DIUBAH-UBAH;aju ganti meter meter rumah tinggal macetrusak tanggal januari tindak adu pm tagih januari meter tagih februari meter awal meter lapor meter macetrusak catat meter ubah ubah;Meteran (Macet/Bermasalah);0.14501880253117136
Halo kak, saya sudah pernah komplain disini, saya sudah melaporkan meteran rusak per tanggal 23 Januari 2025, petugas lapangan datang 2X untuk mengecek meteran. TAPI SAMPAI SEKARANG BELUM ADA PENGGANTIAN?????;halo kak komplain sini lapor meter rusak tanggal januari tugas lapang x ecek meter ganti;Meteran (Macet/Bermasalah);0.1747889760017315
Info min sy juga sudah Pengaduan Pelanggan loh via Apk kok belum ada respon? Sy sempat DM dulu pernah juga tidak ada respon dialihkan ke Call Center TLP/WA, klo WA tidak ada layanan chat dg CS langsung?;informasi admin adu langgan loh via aplikasi respon pesan tidak respon alih call center tlpwa whatsapp tidak layan chat layan langgan;Pelayanan;0.2578954672987851
pak mau tanya no pelanggan 1032499 an Ny. Mustiani Wikanti Pulo Wonokromo Wetan 4 knp gol. tarifny berubah yg awalnya 2.1 skrg berubah jadi 3.2A knp gol. tarifny berubah yg awalnya 2.1 skrg berubah jadi 3.2A ini sebenarnya udah lama berubah, tapi saya baru diberitahu orang tua saya,. knp seenaknya merubah, ini memberatkan loh, alasan dirubah dulu krn petugas keliling meteran bilang krn rumah dibuat kost, alasan apa itu, saya harap kembalikan ke gol tarif 2.1 terima kasih;langgan an nya mustiani wikanti pulo wonokromo wetan golong tarifny ubah ubah a golong tarifny ubah ubah a ubah diberitahu tua enak rubah berat loh alas rubah tugas keliling meter bilang rumah buat kost alas harap kembali golong tarif terima kasih;Harga;0.02970933259103673
Alhamdulillah sore ini ( tgl 1742025) rumah saya di daerah Rungkut Menanggal Harapan sdh di ganti meterannya dan Sdh menerima bukti penggantian meteran. Terima kasih;alhamdulillah sore tanggal rumah daerah rungkut tanggal harap ganti meter terima bukti ganti meter terima kasih;Meteran (Macet/Bermasalah);0.06823444945333078
Kak saya warga Dukuh Kupang, PDAM yg mengalir kecil sekali, padahal dulu ga seperti ini, semenjak pengerjaan gorong2 yg di depan kampus WK itu malah makin parah air mengalir nya, Tp tagihan tetep banyak;kak warga dukuh kupang pdam alir kecil ga semenjak kerja gorong kampus parah air alir nya tagih;Air Tidak Mengalir;0.17574343654941904
Meter baru merk ONDA sering terjadi pengembunan sehingga agak sulit dibaca. Meter lama yg bahan dan kualitas lebih baik, mangapa harus diganti?;meter merk onda embun agak sulit baca meter bahan kualitas mangapa ganti;Meteran (Macet/Bermasalah);0.1964021803757417
"Saya sudah di kunjungi 3x oleh petugas pdam selama 3 tahun terakhir, yg katanya ""Meteran Bakal di Ganti yg Baru "" bahkan petugas ketiga yg datang saya titipkan pesan ""bukan hoax"" kan, karena terakhir petugas yg datang ternyata cuma omon omon saja. Jd saya sdh gk perduli, mau di ganti silahkan gak di ganti jg gpp. Toh selama ini meteran air sy lancar2 saja, walau agak berembun dan angkanya sulit terbaca. Toh selama ini tiap bulan bayar aor murah2 saja :folded_hands:";kunjung x tugas pdam kata meter ganti tugas titip pesan bukan isu bohong kan tugas omon omon ga duli ganti silah tidak ganti tidak apa meter air lancar agak embun angka sulit baca bayar aor murah;Meteran (Macet/Bermasalah);0.11054884405436952
Sore,air di daerah Pandegiling keruh berwarna coklat kak mulai kemaren 24 feb;soreair daerah pandegiling keruh warna coklat kak feb;Air Kotor/Bau;0.35402802945856493
@pdamsuryasembada ini omong kosong ya sepertinya, ditempat saya mulai jam 6 pagi sampai jam 19 air tidak normal, bahkan bisa tidak keluar sama sekali, saat meteran rusak, diambil rata2 penggunaan penghuni rumah, sangat tidak fair, kecuali kalau air pdam m;omong kosong tempat jam pagi jam air tidak normal tidak keluar meter rusak ambil huni rumah tidak fair air pdam m;Meteran (Macet/Bermasalah);0.11372009712431963
@pdamsuryasembada meteran saya sudah diganti, tapi air malah macet, apakah karena saya belum bayar? saya belum bayar karena ada LONJAKAN TAGIHAN TIDAK WAJAR  Saat meteran rusak , masak bisa sampai 2x tagihan rata-rata per Bulan, mohon segera ditindak lanj;meter ganti air macet bayar bayar lonjak tagih tidak wajar meter rusak masak x tagih mohon tindak lanj;Meteran (Macet/Bermasalah);0.15773442748584204
Min mau pengaduan gimana gak ada respon @pdamsuryasembada tagihan bln ini kok tbtb membengkak pdhal bertahun tahun gk pernah air sampai habis ratusan ribu;admin adu tidak respon tagih tiba tiba bengkak tahun ga air habis ratus;Pelayanan;0.10722562151856206
Daerah kutorejo pacet kok berbusa airnya dan berwarna seperti susu;daerah kutorejo pacet busa air warna susu;Air Kotor/Bau;0.3210403327530341
Info min....air disekitaran Kebraon kok siang ini tdk mengalir ya??apakah ada perbaikan;informasi mair sekitar kebraon siang tidak alir ya apakah baik;Air Tidak Mengalir;0.07300567686540314
Apakah pengantian meteran pdam masih gratis atau berbayar ?;anti meter pdam gratis bayar;Harga;0.2525553394447815
Pak maaf memang untuk daerah dukuh kupang timur apa aliran nya kecil nggeh;maaf memang daerah dukuh kupang timur alir nya kecil;Air Tidak Mengalir;0.16477776495656327
Wil dinoyo kel keputran air kok keluarny kecil ya,, ad apa ni;wil dinoyo lurah keputran air keluarny kecil;Air Tidak Mengalir;0.0729964488841259
Meteran air di rumah saya kok g ada ya,,;meter air rumah ga;Meteran (Macet/Bermasalah);0.12590765261533163
Hari ini, barusan jam 14.45 WIB air mati di daerah Kebraon. Tolong petugas cek ke lapangan @pdamsuryasembada;barusan jam air mati daerah kebraon tugas cek lapang;Air Tidak Mengalir;0.04708657783010834
Min knp ya kok air rumah saya tiba” pembayaran naek ya drastis bgt padahal rumah klo sering kluarin air cuma malem karena ngisi ke rumah atas biasanya saya kena nya 90k an gak sampe 100k ini semalem bayar kenanya hampir 150k ? Ada kenaikan harga apa gimana ? Klo emg ada knp gak ada info yaaa;admin air rumah bayar drastis banget rumah keluar air malam isi rumah kena nya an tidak semalem bayar kena hampir naik harga tidak informasi;Harga;0.14000906115895034
Sya mengajukan hanya disurvei smpai sekarang tdk ada tindakan. Bagaimana?;aju di survey tidak tindak;Pelayanan;0.3499602685379751
Area siwalankerto apa bs pengajuan peremajaan meteran  @pdamsuryasembada ?;area siwalankerto aju remaja meter;Meteran (Macet/Bermasalah);0.25761145722807766
Pak air dirmh  saya kluarnya sangat kecil  sekali, lebih deras uang yg mengalir dri dompet saya, tolong  di tinjau pak kenapa airnya sangat kecil  sekali . Kebetulan saya tinggal di wonokromo @pdamsuryasembada;air dirmh kluarnya kecil deras uang alir dompet tinjau air kecil wonokromo;Air Tidak Mengalir;0.17786688104239934
Air petemon 3 mati;air ton mati;Air Tidak Mengalir;0.0776696997132011
Sakben maghrib banyune buko makane g mancur?? Opo sanyomu rusak gak kuat nyemprot sampek kapas gading madya?;sakben maghrib air buko makane ga mancur sanyomu rusak tidak kuat nyemprot kapas gading madya;Meteran (Macet/Bermasalah);0.08028821179815716
Sudah 2 bulan semenjak METERAN DIGANTI BARU kenapa tagihan air dirumah saya jadi naik 6x lipat!! Parah banget sih!;semenjak meter ganti tagih air rumah x lipat parah sih;Meteran (Macet/Bermasalah);0.05378975331475386
Sore ... Mohon info untuk air dirumah saya keluar nya kecil sekali, dan kadang mati , biasanya keluar air di malam hari saja, tapi ini dr pagi sampe ke pagi lagi gak keluar airnya .?;sore mohon informasi air rumah keluar nya kecil kadang mati keluar air malam pagi pagi tidak keluar air;Air Tidak Mengalir;0.2504347372163517
Kebraon matek banyune woiii;kebraon mati air woi;Air Tidak Mengalir;0.07280924242356224
Min didaerah kelurahan Pradah kalikendal airnya mati, keluar air hanya malam saja dan airnya pelan. Tolong segera ditindak lanjuti;admin daerah lurah pradah kalikendal air mati keluar air malam air pelan tindak lanjut;Air Tidak Mengalir;0.09513640979233934
Area bulak cumpat air e butek min. Tolong di cek dan diperbaiki kualitas airnya;area bulak cumpat air nya keruh admin cek baik kualitas air;Air Kotor/Bau;0.1897146338009138
Hallo min, apa ada gangguan aliran air daerah wonocolo?;hallo admin ganggu alir air daerah wonocolo;Air Tidak Mengalir;0.10059366627925787
Siang min, saya baru aja  d ganti meteran airnya lah tpi kok malah sambungan ada yg bocor dan d kenai biaya 250rb, tetga saya juga bocor dan byar 250 rbu, inid perum pondok maritim balas klumprik;siang admin ganti meter air sambung bocor kena biaya tetga bocor bayar rbu inid perum pondok maritim balas klumprik;Kebocoran;0.1597798384857242
Aliran air daerah mojo tidak lancar, segera ditindaklanjuti daripada kantornya didatangi :fire::fire::fire:;alir air daerah mojo tidak lancar ditindaklanjuti kantor datang;Air Tidak Mengalir;0.09192048626153244
Saya mengajukan surat keberatan tagihan dari bulan januari 2025, krn meter PDAM rusak. Sampai sekarang tidak ada tanggapan. meter pdam yg rusak, masa pelanggan yang harus bayar tagihannya?padahal air yang digunakan tidak sebanyak tagihannya.;aju surat berat tagih januari meter pdam rusak tidak tanggap meter pdam rusak langgan bayar tagihannyapadahal air guna tidak tagih;Meteran (Macet/Bermasalah);0.22257575771028393
Diganti meteran baru tagihan malah lbh banyak :person_facepalming:;ganti meter tagih;Meteran (Macet/Bermasalah);0.11829930363570286
Air mati seharian hidup malam ajja padahal kota besar air mati terus pembayaran naik 100%;air mati hari malam aja kota air mati bayar;Air Tidak Mengalir;0.09141080622809719
Kalau cara pengajuannya pilih apa ya saya;aju pilih;Pelayanan;0.14675778679980475
@pdamsuryasembada saya sdh kirim surat komplen ke Manajer kaliam sesuai arahan Spv Pak Agus. Katanya 3 hari kerja dihubjngi balik utk feedbacknya. Sampe skrg ga dihubungi tapi di lapangan org PDAM cabut meteran saya. Sy tlp ke Call Center PDAM Sby juga so;kirim surat komplen manajer kaliam arah spv agus kata kerja dihubjngi kali kali feedbacknya ga hubung lapang pdam pergi meter telepon call center pdam surabaya so;Pelayanan;0.050899467417748964
Selamat pagi, mhon info wilayah Medokan ayu apa ada perbaikan ngge?kok airnya mati;selamat pagi mhon informasi wilayah medok cantik baik nggekok air mati;Air Tidak Mengalir;0.033861264799168914
Min, aliran air di daerah kejawan mati total, kemarin dan hari ini masih berlanjut, kira-kira apakah dampak dari peremajaan besar-besaran kah? Padahal kejawan tidak ada di list.;admin alir air daerah kejawan mati total lanjut kira kira dampak remaja besar kejawan tidak list;Meteran (Macet/Bermasalah);0.08526131673099942
Pelayanan mantap;layan mantap;Pelayanan;0.15032620647393735
Mantab pdam;mantap pdam;Air Kotor/Bau;0.0
kenapa airnya dalam 3hari ini kok keruh,hampir kyk air beras;air dalam keruhhampir air beras;Air Kotor/Bau;0.0
Mohon info, Kalau Kran meter bocor kalau TIDAK diputar/dibuka penuh apa ini termasuk perbaikan;mohon informasi keran meter bocor tidak diputardibuka penuh baik;Meteran (Macet/Bermasalah);0.1667202063443225
"Daerah kecamatan Bulak min.. airnya kok keruh + banger.. ga iso gae masak + Korah"" min.. :person_facepalming:";daerah camat bulak admin air keruh banger ga pakai masak korah admin;Air Kotor/Bau;0.06403138742382956
Air di kedungdoro keruh sekali sejak kemarin malam;air kedungdoro keruh malam;Air Kotor/Bau;0.11868051069344994
Di rmh saya sdh 2 bulan ini tagihannya 100rb lbh pdhl penghuninya cima 2 org sehari kerja semua.....kran mati tp meteran muternya kencang banget :see-no-evil_monkey:;rumah tagih hun hari kerja semuakran mati meter muternya kencang sih;Meteran (Macet/Bermasalah);0.043963960011350466
Min, ini stop kran yg dirmh sdh aus Krn usia, sdh diatas 5 th,  apakah juga termasuk bisa diganti??;admin stop keran dirmh aus usia atas th ganti;Meteran (Macet/Bermasalah);0.09367517154800922
Apa ada perbaikan ini? Daerah candi lempung koq tidak ngalir :crying_face:;baik daerah candi lempung tidak alir;Air Tidak Mengalir;0.10549387483670164
Air di Wonokromo kotor butek sedari kemarin sore;air wonokromo kotor keruh dar sore;Air Kotor/Bau;0.20834179629387323
Daerah tegalsari air PDAM ga layak pakai seperti air sungai sudah 2hr ini,sekarang mati;daerah tegalsari air pdam ga layak pakai air sungai inisekarang mati;Air Tidak Mengalir;0.037783967883139376
Mohon ijin menginfokan. Mulai tadi pagi air pdam di daerah Krukah Lama, Kel. Ngagel Rejo, keruh pekat. Mohon bisa segera ditindaklanjuti. Terimakasih.;mohon ijin info pagi air pdam daerah kru lurah ngagel rejo keruh pekat mohon ditindaklanjuti terimakasih;Air Kotor/Bau;0.05215490817577287
Air knp keruhhhh sekaliii.... :crying_face:;air keruh;Air Kotor/Bau;0.24256141953517765
Untuk penggantian Meter diminta bayar vja Indomart, stlah bayar via Indomart katae H+1 br msk, stlah H+1 msk br di Jadwalkan kunjungan....LUAMA, Air sudah bocor deras yg nanggu pemilik rumah. Knp lama skali prosesnya?;ganti meter bayar vja indomart stlah bayar via indomart katae h masuk stlah h masuk jadwal kunjunganluama air bocor deras nanggu milik rumah skali proses;Kebocoran;0.05987222600071972
Min manyar sabrangan air nya kotor;admin manyar sabrangan air nya kotor;Air Kotor/Bau;0.12710099980413564
Assalamualaikum min mau tanya jambangan dan Bibis apakah airnya mati;assalamualaikum admin jambang bibis air mati;Air Tidak Mengalir;0.04814941151378704
Stop kran pdam saya rusak usia sudah 5 tahun lebih, meteran pdam muter terus tanpa dipakai rugi saya. Saya wa pdam sby untuk perbaikan stop kran saya di kenakan biaya Rp 197.580,- Apa iya bayar? :clapping_hands:;stop keran pdam rusak usia meter pdam putar pakai rugi whatsapp pdam surabaya baik stop keran kena biaya rp bayar;Meteran (Macet/Bermasalah);0.23281311905222554
Ketintang airnya mati;ketintang air mati;Air Tidak Mengalir;0.0776696997132011
Sejak perbaikan pipa bocor di made, sampai sekrang kok air kadang ngalir kecil kadang ga kluar. Ini gimana min apa masih ada kendala?;baik pipa bocor made air kadang alir kecil kadang ga keluar admin kendala;Air Tidak Mengalir;0.17878240327241393
Kalo wonocolo tdk gratis kah?;wonocolo tidak gratis;Harga;0.2044800728172249
halo @pdamsuryasembada  sy ada wa tp slow respon ya, nomor call centernya jg, operatornya sibuk terus, air ditempat saya mati dari semalam, apa ada solusi untuk pengaduan saya;halo whatsapp slow respon nomor call centernya operator sibuk air tempat mati malam solusi adu;Pelayanan;0.2550678564026884
kalau kran meteran bocor apakah termasuk ?;keran meter bocor;Meteran (Macet/Bermasalah);0.32506751304006853
Air nya agak keruh, mgkin next ada peremajaan saluran air dr pdam kaj ?;air nya agak keruh mungkin remaja salur air pdam kaj;Meteran (Macet/Bermasalah);0.134492458162941
Kelurahan Sambikerep min??? Wes 30 THN meteraku blum diremajakan...;lurah sambikerep admin meter ku remaja;Meteran (Macet/Bermasalah);0.2401790535341799
Info donk air ditempat saya mati dari kemaren,,area sememi bandarejo gg candi;informasi air tempat mati kemarenarea mem bandarejo gang candi;Air Tidak Mengalir;0.0358928039949461
Utk wilayah Pandaan belakang masjid chengho ada ga peremajaan juga utk meteran Air;wilayah pandaan belakang masjid chengho ga remaja meter air;Meteran (Macet/Bermasalah);0.17697963172490694
yah kelurahanku ga ada min:crying_face: padahal udah lebih dari 5 tahun dan kaca berembun burem;yah lurah ga admin kaca embun buram;Meteran (Macet/Bermasalah);0.33990489872946816
Caranya gmn min untk mendapatkan penembakan meter air;cara admin dapat tembak meter air;Meteran (Macet/Bermasalah);0.06218401422393225
Sudah laporan ke kantor sampai skrg 2 minggu blom ditanggapin min @pdamsuryasembada;lapor kantor ditanggapin admin;Air Kotor/Bau;0.0
pk minto tolong akor km PDAM GK keluar  4 hari pk kami ingin mengganti air menyalurkan air dr sumur kami aja pk GK usah pake PDAM pk kalua kami di sini GK bisa mandi gimana pk tolong banyu kami pk :folded_hands_light_skin_tone::folded_hands_light_skin_tone::folded_hands_light_skin_tone::folded_hands_light_skin_tone::folded_hands_light_skin_tone::folded_hands_light_skin_tone::pleading_face::pleading_face::pleading_face::pleading_face::pleading_face::pleading_face::pleading_face::pleading_face::pleading_face::pleading_face::pleading_face::folded_hands_light_skin_tone::folded_hands_light_skin_tone::folded_hands_light_skin_tone::folded_hands_light_skin_tone::folded_hands_light_skin_tone::folded_hands_light_skin_tone::folded_hands_light_skin_tone::folded_hands_light_skin_tone::folded_hands_light_skin_tone::folded_hands_light_skin_tone::folded_hands_light_skin_tone::folded_hands_light_skin_tone::folded_hands_light_skin_tone::folded_hands_light_skin_tone::folded_hands_light_skin_tone::folded_hands_light_skin_tone::folded_hands_light_skin_tone::folded_hands_light_skin_tone::loudly_crying_face::loudly_crying_face::loudly_crying_face::loudly_crying_face::loudly_crying_face::loudly_crying_face::loudly_crying_face::loudly_crying_face::loudly_crying_face::loudly_crying_face::loudly_crying_face::loudly_crying_face:;pdam ga keluar ganti air salur air sumur ga perlu pakai pdam ga mandi air;Air Tidak Mengalir;0.053727644451769085
Kalau untuk menaikkan meter air yg posisinya lebih rendah dari jalan apakah bisa min?;naik meter air posisi rendah jalan admin;Meteran (Macet/Bermasalah);0.05661493292582988
Daerah setro baru gang 3 pak meter airnya 60 cm di bawah permukaan tanah setelah adanya pavingisasi jadi gelap dan susah saat pengecekan tiap bulan;daerah setro gang meter air muka tanah pavingisasi gelap susah kece;Meteran (Macet/Bermasalah);0.04138187818057003
Kel simolawang  air PDAM mati hidup malam ajja sudah pengaduan tapi tetep ajja gk berubah bayarnya naik 100%;lurah simolawang air pdam mati malam aja adu aja ga ubah bayar;Pelayanan;0.0565234346619541
Pdam daerah kutorejo kok berbusa ya min;pdam daerah kutorejo busa admin;Air Kotor/Bau;0.23893146075669394
Air disidosermo apa ada perbaikan ya? Koo ditempat saya mengalir nya kecil ya . Dlu siang aja bisa deras ini kok pelan sekali muter meteran airnya. Ngisi tandon jadi lambat.;air disidosermo baik tempat alir nya kecil siang deras pelan putar meter air isi tandon lambat;Air Tidak Mengalir;0.118320583028658
gmn pemberitahuan resminya kalo memang peraturan kost 6 kamar dikenakan tarif 3.2A ? apa akal²an petugas aja, dikira kalo punya kost penghasilan banyak gitu?trs diganti dari 2.1 ke 3.2A ?ini cuma 6 kamar, bukan 10 atau 20 kamar,;pemberitahuan resmi memang atur kost kamar kena tarif a akal tugas kost hasil gitutrs ganti a kamar bukan kamar;Harga;0.04960163387438366
@pdamsuryasembada kenapa tidak sekalian seluruh wilayah surabaya? rumah saya sudah berkali2 complain volume kubik yang tidak wajar dan solusinya sudah 3x disuruh ganti kran / valve dan berbayar pula. meteran air bermasalah itu tanggung jawab pdam atau pel;tidak wilayah surabaya rumah kali complain volume kubik tidak wajar solusi x suruh ganti keran katup bayar meter air masalah tanggung jawab pdam pel;Meteran (Macet/Bermasalah);0.09231293097301445
Dulu tarif saya ini golongan 1.3 pas ada perubahan tarif kenapa tiba-tiba di ubah menjadi 2.1 padahal rumah saya juga ada tulisan KELUARGA MISKIN yang dari pemerintah lantai juga dari tanah dan juga rumah saya tidak tingkat atau berlantai 2 juga tidak dibuat kos atau kontrakan padahal tetangga saya semuanya tarif golongannya 1.3 emang ada yg 2.1 itupun dibuat kos atau kontrak sedangkan saya kan tidak kalau lapor ke PDAM ujung-ujungnya nanti petugas kemari di cek disuruh ganti meteran yang bayarnya juga gak murah tolong dong di cek petugas keliling meteran itu kenapa sih harus di ubah kan saya bayar nya juga jadi mahal paling sedikit saya kena itu 100 RB yang tetangga saya kena padahal rata2 cuma 20 ribu atau 25 ribu apalagi ini untuk daerah tambak asri yang notaben kebanyakan tarifnya golongan 1.3;tarif golong pas ubah tarif ubah rumah tulis keluarga miskin perintah lantai tanah rumah tidak lantai tidak buat kos kontra tetangga tarif golong itu pun buat kos kontrak kan tidak lapor pdam ujung ujung tugas kemari cek suruh ganti meter bayar tidak murah cek tugas keliling meter sih ubah kan bayar nya mahal paling kena tetangga kena daerah tambak asri notaben banyak tarif golong;Harga;0.1946350840391073
Saya sudah bayar untuk penggantian meteran air yg hilang,tapi tidak dipasang2 alasannya karena stop kran nya kosong..dan ditanyai kira2 sampe kapan tapi tdk tau..disuruh beli sendiri..sudah bayar denda meteran hilang mahal ini disuruh beli stop kran sendiri.gmn ya pelayanannya ini:smirking_face: @pdamsuryasembada;bayar ganti meter air hilangtapi tidak pasang alas stop keran nya kosongdan kira tidak taudisuruh beli sendirisudah bayar denda meter hilang mahal suruh beli stop keran sendirigmn layan;Harga;0.18415738538479934
setelah daftar, harus nunggu berapa lama ya kak untuk pemasangannya dan siap di gunakan?;daftar nunggu kak pasang guna;Pemasangan;0.17107926306536994
Kalo di depan rumah Masi belum ada pipa gmn min;rumah pipa admin;Air Kotor/Bau;0.0
Kenapa laporan by WhatsApp PDAM  GK ada jawaban ya kak, padahal saya sudah daftar mau tanya soal kekurangan persyaratan pasang baru;lapor by whatsapp pdam ga kak daftar kurang syarat pasang;Pemasangan;0.12213899716289076
Min kalau listrik 5000 watt biayanya yh 1,7 jt ya?;admin listrik watt biaya yh jt;Harga;0.0989280176022297
Brpa lama pemasangan jika sdah melakukan pembayaran;pasang laku bayar;Pemasangan;0.24874885076813077
Maaf min untuk PSB 900watt ini biayanya 600rb ?? Bukan 300rb ya??;maaf admin psb watt biaya bukan;Harga;0.11062963618562556
Min kalau ngontrak rumah belum dipasang pdam caranya gimana?karena rumah yang dikontrak warisan;admin kontrak rumah pasang pdam cara gimana karena rumah kontrak waris;Pemasangan;0.10269282751363056
Daerah mojo ditindaklanjuti gak ada air mengalir daripada saya datangi kantornya;daerah mojo ditindaklanjuti tidak air alir datang kantor;Air Tidak Mengalir;0.0990016091517705
minnn air dirumah saya kenapa kok gk nyalah ya takut ada kebocoran min;admin air rumah ga takut bocor admin;Kebocoran;0.17464537868965416
Untuk daya listrik 900watt, itu harganya jadi 300rb atau diskonnya yang 300rb ? Mohon penjelasannya;daya listrik watt harga diskon mohon jelas;Harga;0.12300353013384618
Saya dari agustus 2024 sampai sekarang blm ada tanggapan pasang baru padahal :loudly_crying_face: wes ganti tahun min :loudly_crying_face:;agustus tanggap pasang ganti admin;Pemasangan;0.190683217361495
"Saya belum di survey"" Minn sdh pengajuan lama";survey minn aju;Pelayanan;0.29682384691989455
Maaf min klw pindah meteran kena biaya brpa ea soalnya meteran airku ada didepan rumahnya orang.. Klw dipindah kerumah ku jaraknya 10 meter;maaf admin pindah meter kena biaya meter air depan rumah pindah ke rumah ku jarak meter;Meteran (Macet/Bermasalah);0.33268563381401395
Maaf min mau tanya apa benar PSB untuk daya listrik 1300 watt biayanya 600 ribu;maaf admin benar psb daya listrik watt biaya;Harga;0.08856843640354763
Kalau nama pemilik tanah dan pemasang PDAM beda nama apakah bisa;nama milik tanah pasang pdam beda nama;Pemasangan;0.11167980750432206
Knp pembayaran pdam melalui gojek dan grab kok gak bisa terus;bayar pdam gojek grab tidak;Harga;0.07876702341975651
Min dari daftar sampai proses pemasangan,nunggu nya berapa lama?;admin daftar proses pemasangannunggu nya;Air Kotor/Bau;0.0
Tambakwedi Baru gak keluar air sama sekali dari tadi pagi;tambakwedi tidak keluar air pagi;Air Tidak Mengalir;0.10816347734207388
Daerah simo gunung kok dari kemaren air mengecil sampai tidak keluar ada apaa yaaa;daerah simo gunung air kecil tidak keluar;Air Tidak Mengalir;0.20052292389533413
Simolangit gak ada air nya piye PDAM iki;simolangit tidak air nya pdam;Air Kotor/Bau;0.0
Halo selamat siang kak admin pdam, mengenai pengaduan yg saya sampaikan 25 april 2025 melalui DM. Sampai hari ini belum diberikan tindak lanjut nihh. Tolong dong diberikan tindak lanjutnya. Dari 25 april 2025 sampai komen ini ditulis 13 mei 2025. Belum ada tindak lanjut lho. Mohon dong.;halo selamat siang kak admin pdam adu april pesan beri tindak nihh beri tindak lanjut april komen tulis mei tindak loh mohon;Pelayanan;0.13133802277485734
Halo min pdam saya warga babatan pratama sudah bayar pergantian keran air yang bocor tapi petugasnya sampai sekarang belum datang tolong dibantu ditindaklanjuti;halo admin pdam warga babatan pratama bayar ganti keran air bocor tugas bantu ditindaklanjuti;Kebocoran;0.11250676170930289
Air PDAM SBY pusat punyakku keruh  kyk air sumur.. Bayarnya larang tp airnya keruh bauk;air pdam surabaya pusat punya keruh air sumur bayar mahal air keruh bau;Air Kotor/Bau;0.23194327658861083
Min ini kenapa di kalijudan 9 air nya nyala kecil sekali?:folded_hands_medium-light_skin_tone:;admin kalijudan air nya kecil;Air Tidak Mengalir;0.1322551243554518
Air pdam kebonsari jambangan keruh;air pdam kebonsari jambang keruh;Air Kotor/Bau;0.10291780881840012
Air PDAM di Perumahan Gunungsari Indah bisa mengalir nirmal jam berapa. Mohon segera direspon. Terima kasih;air pdam rumah gunungsari indah alir normal jam mohon direspon terima kasih;Air Tidak Mengalir;0.07700011933228863
Srby utara udah 2hari gak nyala:crying_face: airnya;surabaya utara tidak air;Air Kotor/Bau;0.0
Lah komen saya kok di hapus... Tolong di cek PDAM di daerah simolangit gak ada air ada 2 hari. Malah di hapus komentar saya. Laporan wa gak dihiraukan;komen hapus cek pdam daerah simolangit tidak air hapus komentar lapor whatsapp tidak hirau;Pelayanan;0.05388857962250662
Kualitas airnya perlu dicek dan dikontrol...jangan cuman datang cek meteran saja....dan jangan cari untung saja gede perhatikan kemampuan konsumennya,....;kualitas air perlu cek dikontroljangan cuman cek meter sajadan cari untung gede perhati mampu konsumen;Air Kotor/Bau;0.07294756249445788
Kenapa tlpn bebas pulsa suara kita tdk bs terdengar operator pdam..hola halo hola halo aja;telepon bebas pulsa suara tidak dengar operator pdam hola halo hola halo;Air Kotor/Bau;0.0
Kalau airnya gak nyala sama sekali apa harus mbayar, krna pelaporan berkali2 tidak ada teknisi yg datang kerumah bagimana ini @pdamsuryasembada_;air tidak bayar krna lapor kali tidak teknisi ke rumah bagimana;Harga;0.04867061123196552
Halo admin pdam Surabaya, saya kirim keluhan di 25 april 2025. Sampai hari ini belum ada tindak lanjutnya. Mohon di cek DM nya dong kak min.;halo admin pdam surabaya kirim keluh april tindak lanjut mohon cek pesan nya kak admin;Pelayanan;0.05327317545659827
Min, sy pengaduan ganti meteran hingga 14 hari kerja kok blm ada tanggapan;admin adu ganti meter hingga kerja tanggap;Pelayanan;0.19656303647904302
Siwalankerto kok mati ya airnya?;siwalankerto mati air;Air Tidak Mengalir;0.08790813436039935
Daerah panjangjiwo kok mati ya kak?;daerah panjangjiwo mati kak;Air Tidak Mengalir;0.065004099697569
Ini daerah kenjeran juga siang gak keluar min , malem baru keluar udah hampir seminggu;daerah kenjeran siang tidak keluar admin malam keluar hampir minggu;Air Tidak Mengalir;0.13430048320520785
pak mau tanya no pelanggan 1032499 an Ny. Mustiani Wikanti Pulo Wonokromo Wetan 4 knp gol. tarifny berubah yg awalnya 2.1 skrg berubah jadi 3.2A ini sebenarnya udah lama berubah, tapi saya baru diberitahu orang tua saya,. knp seenaknya merubah, ini memberatkan loh, alasan dirubah dulu krn petugas keliling meteran bilang krn rumah dibuat kost, alasan apa itu, saya harap kembalikan ke gol tarif 2.1 terima kasih;langgan an nya mustiani wikanti pulo wonokromo wetan golong tarifny ubah ubah a ubah diberitahu tua enak rubah berat loh alas rubah tugas keliling meter bilang rumah buat kost alas harap kembali golong tarif terima kasih;Harga;0.03660854241561957
Meteran air di rumah sya kol g ada ya yg buat liat hbs brp meternya itu;meter air rumah ga lihat habis meter;Meteran (Macet/Bermasalah);0.12975073715071672
Halo min dm saya sudah ditanggapi tapi ga ada action sama sekali dari pihak pdam , udah dr hari sabtu smpe skrng...;halo admin pesan tanggap ga action pdam smpe;Pelayanan;0.09335988648150406
Min tolong dikurangi dong kapuritnya di daerah Rungkut tengah airnya bau kaporit mau buat masak malah harus beli isi ulang tolong ya min untuk ditindak lanjuti :folded_hands:;admin rang kaporit daerah rungkut air bau kaporit masak beli isi ulang admin tindak lanjut;Air Kotor/Bau;0.30783754419487774
Tolong d cek area Jemurwonosari pak air kotor .pagi siang malam mati .jam 5 pagi sudah tidak keluar .siang juga kelaur dikit itupun jam10 an .malam jam7 baru keluar itu juga dikit;cek area jemurwonosari air kotor pagi siang malam mati jam pagi tidak keluar siang keluar dikit itu pun jam an malam jam keluar dikit;Air Tidak Mengalir;0.12126195479006124
Tekanan air di daerah dukuh pakis masih kecil min;tekan air daerah dukuh pakis kecil admin;Air Tidak Mengalir;0.094409650798091
Halo kak min, dm saya belum ditanggapi nih. Mohon ditanggapi;halo kak admin pesan tanggap mohon tanggap;Pelayanan;0.18642261359759438
Alhamdulillah... mantab... Di pengumuman estimasi pekerjaan 6 jam, dapat selesai dalam waktu 2 jam... Mantap semangat all team tukang ledeng Suroboyo Perumda Air Minum Surya Sembada Surabaya :red_heart: :fire::fire:;alhamdulillah mantap umum estimasi kerja jam selesai dalam jam mantap semangat all team tukang pam surabaya perumda air minum surya sembada surabaya;Air Kotor/Bau;0.0
Perencanaan yg efektif dan kolaboratif adalah kunci sukses. Good Job Gaess! Semoga dapat memberikan pelayanan yang terbaik unt pelanggan kita yg tercinta :red_heart::red_heart::red_heart:;rencana efektif kolaboratif kunci sukses good job teman teman moga layan baik langgan cinta;Pelayanan;0.04182598470066288
Halo kak admin, dm saya mohon diberikan tanggapan. Terimakasih;halo kak admin pesan mohon beri tanggap terimakasih;Pelayanan;0.09467891927647015
Harusnya daerah Kenjeran Babatan Pantai jgn ikutan kena dampaknya dong sampai dimatikan seharian airnya;daerah kenjeran babatan pantai kena dampak mati hari air;Air Tidak Mengalir;0.040303971049594635
Kok di gubeng masih ngga nyala ya dri tadi malam;gubeng tidak malam;Air Kotor/Bau;0.0
PDAM tolong baca DM saya;pdam baca pesan;Air Kotor/Bau;0.0
Halo kak adminnn. Dm saya tolong di berikan tanggapan ya:folded_hands_light_skin_tone:;halo kak admin pesan ikan tanggap;Pelayanan;0.10632358979861638
Astaga beberapa hari ini saya mengangsu air lho gara2 air ngga bisa naik,sementara air di luar keluar. SAMPAI KAPAN?!. Apa daerah Residen sudirman ikut ngagel y? :face_with_raised_eyebrow::hot_face::face_with_steam_from_nose::crying_face:;astaga angsu air loh gara air tidak naiksementara air keluar daerah residen sudirman ngagel;Air Tidak Mengalir;0.05028388053267787
Min @pdamsuryasembada babatan labansari mulyorejo air ga mengalir min, gimana ini ?;admin babatan labansari mulyorejo air ga alir admin;Air Tidak Mengalir;0.08959069062616158
untuk area sidotopo apakah ada gangguan kok hampir tiap hari air tidak lancar kadang ngalir kadang mati seharian?;area sidotopo ganggu hampir air tidak lancar kadang alir kadang mati hari;Air Tidak Mengalir;0.10019908061677743
Min knp sekarang bayar pdam di gojek dan grab kok gak bisa;admin bayar pdam gojek grab tidak;Harga;0.076406636129219
udah di dm slow respon di telfon malah di alihkan;pesan slow respon telepon alih;Pelayanan;0.24415938179996363
kenapa sulit di hubungin ya pdam ini, padahal air dirumah lagi mati dari sore wk;sulit hubungin pdam air rumah mati sore;Air Tidak Mengalir;0.05199497517007976
Tolong PDAM baca DM saya, sudah berhari2 sulit di hubungi call center nya sibuk trs;pdam baca pesan hari sulit hubung call center nya sibuk;Pelayanan;0.09656809106433212
Min, WAnya slow respon banget ya @pdamsuryasembada;admin wanya slow respon;Pelayanan;0.27928096638991007
Kak mohon banget punya saya segera di pasang soalnya buat usaha kak saya sudah melakukan pembayaran di indomaret kak bingung mau nanyak ke siapa kalo mau liat progres pemasangannya;kak mohon pasang usaha kak laku bayar indomaret kak bingung nanya lihat progres pasang;Pemasangan;0.17142990399583402
bulak rukem timur yaopo iki min seminggu banyu e angell;bulak rukem timur admin minggu air nya susah;Air Kotor/Bau;0.0
Halo selamat pagi, mohon bantuannya. Keluhan sudah saya sampaikan melalui DM. Mohon diberikan tindak lanjut. Terimakasih;halo selamat pagi mohon bantu keluh pesan mohon beri tindak terimakasih;Pelayanan;0.05558046032889279
Min tadi pagi alias waktu subuh hingga jam 7 kok air di rumah ku jalan zamhuri rungkut tengah air yang keluar debit nya kok dikit amat ya, apakah lagi ada gangguan ya, saya sampek bosen tiap hari tlp pihak Cs terus, mau mandi aja harus ke kantor, ya kali kantor saya dekat. Kantor saya di gresik, rumah saya di rungkut tengah :crying_face::crying_face::crying_face:;admin pagi alias subuh hingga jam air rumah ku jalan zamhuri rungkut air keluar debit nya dikit ganggu bosen telepon layan langgan mandi kantor kantor kantor gresik rumah rungkut;Air Tidak Mengalir;0.10041447660074583
Ya Gitu Min.. Info H-1 Sblm Air Mati :clapping_hands:;admin informasi h air mati;Air Tidak Mengalir;0.10292399471245323
min tempatku daerah kedung cowek air mati sejak tadi malam;admin tempat daerah kedung cowek air mati malam;Air Tidak Mengalir;0.045712288974413456
Kalijudan GG 12 dari subuh sampai malam tidak keluar aire sama sekali bosskuhh;kalijudan gang subuh malam tidak keluar air bos ku;Air Tidak Mengalir;0.06943337712234264
Mohon infonya didaerahku simo Sidomulyo  dari hari kamis pagi dan Jumat pagi ini,  air tidak keluar.;mohon info daerah simo sidomulyo kamis pagi jumat pagi air tidak keluar;Air Tidak Mengalir;0.055308980549857355
Ini aja daerah Tapak Siring airnya masih kecil dn debitnya belum bisa naik. Duuuhhh;daerah tapak siring air kecil debit duh;Air Tidak Mengalir;0.2543049257543495
Kalijudan min air macet wes 5 hari :woozy_face: bayar'e mundak banyu metu'e jam 12 bengi. isuk, awan sore MAMPET Kabeh.;kalijudan admin air macet bayare mundak air metue jam bengi isuk awan sore mampet kabeh;Air Tidak Mengalir;0.12424777620023866
Sipp min, USAHAKAN  MATI. AIRNYA  NGGAK LAMA :hand_with_index_finger_and_thumb_crossed:;sipp admin usaha mati air tidak;Air Tidak Mengalir;0.05848309678149273
":face_with_tears_of_joy::face_with_tears_of_joy:lucu nih , saya tinggal di perum manyar jaya , dari tahun lalu semenjak pengerjaan gorong"" manyar indah manyar jaya manyar rejo ... Air saya sampai sekarang dari pagi pukul 6 pagi sampai pukul 9 MALAM air mati , baru nyala pukul 21.30 malam bayangkan BERAPA BULAN SAYA MENAMPUNG AIR???? Mau protes telfon saya sdh capek :rolling_on_the_floor_laughing:. Tapi herannya kalau libur NASIONAL Air saya kok nyala lancar kayak saya dlu tinggal d sini , tetangga saya 30 tahun tinggal disini tidak menggunakan tandon tidak ada maslah!! Semenjak skg kok air jadi buruk jelek sekali tolong diperbaiki ya pdam :smiling_face_with_hearts::smiling_face_with_hearts::smiling_face_with_hearts: @pdamsuryasembada @pdamsuryasembada";lucu perum manyar jaya semenjak kerja gorong manyar indah manyar jaya manyar rejo air pagi pagi malam air mati malam bayang tampung air protes telepon capek heran libur nasional air lancar kayak tetangga sini tidak guna tandon tidak mas semenjak air buruk jelek baik pdam;Air Tidak Mengalir;0.012860447211671639
@pdamsuryasembada daerah sidotopo apakah memang tidak mengalir air? sudah 3 hari hidup tanpa air soalnya!;daerah sidotopo memang tidak alir air air;Air Tidak Mengalir;0.11820574875154456
@pdamsuryasembada d daera mulyorejoo dri jaman ada galian sampai galian selesaaiii tetap aja airr sulitt....tpi pas hari raya air nya kok lancar jayaaa:fire:;daerah mulyorejoo jaman gali gali selesai airr sulit tapi pas raya air nya lancar jaya;Air Kotor/Bau;0.0
"Saya minta kepada pihak @pdamsuryasembada untuk melakukan rencana pemikiran yang matang agar aliran air di wilayah Kelurahan Airlangga teraliri dengan lancar semua dan tanpa diskriminasi karena dampak kost""an di wilayah tersebut @pdamsuryasembada";laku rencana pikir matang alir air wilayah lurah airlangga alir lancar diskriminasi dampak kostan wilayah;Air Tidak Mengalir;0.10517434278288097
@pdamsuryasembada ini daerah Kenjeran kenapa air ga keluar seharian?;daerah kenjeran air ga keluar hari;Air Tidak Mengalir;0.10051553943173178
Siang @pdamsuryasembada sy tinggal di bulak rukem timur, air di daerah sy debitnya kecil cenderung tdk keluar, sy sdh pernah lapor bebetapa kali & sdh di datangi, tp tetap saja tdk lancar, pernah sy tny kenapa, ktnya ada galian, minggu yg lalu memang ada keluar 1 hr saja selanjunya mengecil lagi & airnya sangat keruh;siang bulak rukem timur air daerah debit kecil cenderung tidak keluar lapor datang tidak lancar tny kata gali memang keluar selanjunya kecil air keruh;Air Tidak Mengalir;0.2529313317787019
Pertanyaan buat PDAM, saya mau tanyak setiap pembayaran bulanan kenapa kok ada retribusi. Padahal di kampung pakek retribusi dan saya pernah pengaduan online kalau retribusi udh ketentuan DLH. Emang harus Retribusi di kampung kenak 11rb, ini bukan masalah angka kecil tapi bayangin satu rumah kenak 11rb per kampung ad brp rumah udh dpt brp sebanyak gitu :face_with_tears_of_joy:;pdam tanyak bayar bulan retribusi kampung pakek retribusi adu online retribusi tentu dlh retribusi kampung nak bukan angka kecil bayangin rumah nak kampung rumah;Air Tidak Mengalir;0.026984594064046227
Kenapa wilayah Dukuh Kupang air nya mengalir terlalu kecil ...bahkan ada yg tdk kluar pak;wilayah dukuh kupang air nya alir kecil tidak keluar;Air Tidak Mengalir;0.274637600984806
Kenapaa daerah simolangit  air nya mengalir terlalu kecil,bahkan G keluar.. Sia2 dong bayar PDAM;kenapaa daerah simolangit air nya alir kecilbahkan ga keluar sia bayar pdam;Air Tidak Mengalir;0.13745378591067442
Pipa bocor dimana,dampaknya semua. Daerah Tapak Siring sejak kemarin debit kecil. Saya harus mengangsu dari luar. Sukanya kasi kerjaan orang saja !!!;pipa bocor dimanadampaknya daerah tapak siring debit kecil angsu suka kasi kerja;Air Tidak Mengalir;0.17429167653588326
Tolong @pdamsuryasembada rumah saya sudah 4hari ini tiap pagi mati airnya. Nyala cmn malam aja jam. Biasanya gapernah gini. Dan di daerah rumah saga cmn rumah saya aja yg begitu. Gangguan airnya. Tolong info penjelasannya dan solusinya.;rumah pagi mati air cuman malam jam tidak pernah gin daerah rumah cuman rumah ganggu air informasi jelas solusi;Air Tidak Mengalir;0.026271890548343464
Di aplikasi terlalu ribet untuk menyampaikan keluhan,napa harus upload lg ktp,dena rmh,& bla...bla..bla...,bukannya kita memasukkan nopel aja data kt sudah terbaca,lagian keluhan kok dibatasi ... Aneh,dan 1 lagi saya keberatan dgn adanya admint tt yg gak masuk akal mengalahkan tunggakan saya 3 bulan blm bayar,dan tentang admin tt kok gak ada ya di google,webnya pdam dan lainnya,lalu angka admint tt di dapat darimana sehinggal muncul nominal segitu ????;aplikasi ribet keluhannapa unggah ktpdena rumah blablablabukannya masuk nopel data terbacalagian keluh batas anehdan berat admint tt tidak masuk akal kalah tunggak bayardan admin tt tidak googlewebnya pdam lainnyalalu angka admint tt darimana sehinggal muncul nominal segitu;Air Kotor/Bau;0.0
Mohon info kalau pengaduan karena kena pinalty kemana;mohon informasi adu kena penalti;Pelayanan;0.09248745186405556
Air didaerah saya khususnya dukuh pakis kecil sekali bahkan sering tidak mengalir tlng ditinjau;air daerah dukuh pakis kecil tidak alir tinjau;Air Tidak Mengalir;0.19072248128401187
Halo daerah jl Tapak Siring debit airnya mengecil . Shg tidak bisa naik.;halo daerah jalan tapak siring debit air kecil tidak;Air Tidak Mengalir;0.24898533430129746
Pak tolong disosialisasikan sebenarnya visi dan misi PDAM itu apa,coba cek target tahun 2025 apa, kalau saya sebagai warga Surabaya punya harapan, PDAM bisa menyala 24 jam tanpa pompa air dan sampai lantai 2 untuk seluruh warga Surabaya,jangan seperti skrng, perumahan digunung anyar bisa nyala 24 tanpa pompa air, sementara disetro baru Utara 1 tetap harus pake pompa air, padahal kita tahu dari dulu kecamatan Tambaksari adalah kawasan yang memiliki kemiskinan paling tinggi, kalau mau bantu ya dulukan jangan perumahan2 yg besar2 yg malah didahulukan...kapan PDAM bisa memenuhi target itu, saya siap membantu menganalisa tanpa dibayar,tolong hubungi saya di 085105106804,terima kasih;sosialisasi visi misi pdam apacoba cek target warga surabaya harap pdam nyala jam pompa air lantai warga surabayajangan rumah gunung anyar pompa air disetro utara pakai pompa air camat tambaksari kawasan milik miskin paling bantu dulukan rumah didahulukankapan pdam penuh target menganalisa dibayartolong hubung terima kasih;Pelayanan;0.03566267897588913
call centre ngak bisa di telp?;call centre ngga telepon;Air Kotor/Bau;0.0
Kalilom Lor indah DELIMA 3hari ini (mli selasa 15 april)mli pukul 06.00-09.00 baru mengalir airnya;kalilom lor indah delima mli aprilmli alir air;Air Tidak Mengalir;0.07426445576111708
Sampai hari ini sabtu tgl 19 , air di daerah manukan mati tidak menyala.  Klu pun nyala hanya kecil banget, banyakan matinya. Kapan ini nyala normal kembali. Tolong di pantau daerah manukan belum normal;tanggal air daerah manuk mati tidak nyala klu kecil banyak mati normal pantau daerah manuk normal;Air Tidak Mengalir;0.0995137059208484
Owh pantes kok gak keluar ini tadi nyalain air....;pantas tidak keluar nyala air;Air Tidak Mengalir;0.10614149424386878
min, sambikerep mati airnya kok gk ada pemberitahuan. pagi2 pula wktunya masak,sekolah,kerja :disappointed_face:;admin sambikerep mati air ga pemberitahuan pagi wktunya masaksekolahkerja;Pelayanan;0.07156475690606746
Telat nyimak...coba tau drtd dah Menuhin air min:pensive_face:;lambat nyimak coba dari tadi deh isi air admin;Air Kotor/Bau;0.0
jadi kapan nyala air nya??? bak mandi dah kosong;air nya bak mandi deh kosong;Air Kotor/Bau;0.0
Kapan yaa seleaainya airnya loo udah gak ada samsek di rumah;selesai air loh tidak sama sekali rumah;Air Kotor/Bau;0.0
Tlfon cs ga bisa, wa cs ga ada respon... Sampai skrg air blm keluarrrrrrrrr;tlfon layan langgan ga whatsapp layan langgan ga respon air keluar;Pelayanan;0.24796878506076628
duh gk ada air:crying_face:;aduh ga air;Air Kotor/Bau;0.0
Sampe sekarang masih belum nyala juga untuk area Rungkut permai :clapping_hands:;area rungkut permai;Air Kotor/Bau;0.0
Bu dijalan Kupang gunung barat IV,ada kebocoran pipa,sudah hampir 2 Minggu nggak ada tindakan;bu jalan kupang gunung barat ivada bocor pipasudah hampir tidak tindak;Kebocoran;0.10457697496535996
Air bak mandi habis ... Kapan ya selesai ?;air bak mandi habis selesai;Air Kotor/Bau;0.0
Sampe hari ini masih mati pdam saya di gunung anyar sawah dekat sekolah pelayaran;mati pdam gunung anyar sawah sekolah layar;Air Tidak Mengalir;0.04278129247128542
Ayo kpn nyala gunung anyar;ayo gunung anyar;Air Kotor/Bau;0.0
Sampai sekarang belum nyala airnya min.. :crying_face:;air admin;Air Kotor/Bau;0.0
Apa masih belum selesai minn krn belum nyala sampe sekarang:crying_face:;selesai minn;Air Kotor/Bau;0.0
Gunung anyar belum nyala min;gunung anyar admin;Air Kotor/Bau;0.0
Aku gak mandi hari ini di gunung anyar tengah mati total;tidak mandi gunung anyar mati total;Air Tidak Mengalir;0.05478260093381121
min aku lg bangun rumah di sby utara (bukan yg kampung padat penduduk). mau masang PDAM dibilang gk bisa masuk rumahku PDAM nya. bisa masuk disuruh bayar 23JUTA. tolong bantuannya. padahal kanan kiti, bahkan kakak ku uda lama disitu ya pakek PDAM bisa.;admin bangun rumah surabaya utara bukan kampung padat duduk masang pdam bilang ga masuk rumah pdam nya masuk suruh bayar juta bantu kanan kit kakak ku uda situ pakek pdam;Harga;0.025921753573543538
Siwalankerto gak metu banyune;siwalankerto tidak keluar air;Air Tidak Mengalir;0.13206578349532172
Didepan rumah ada kebocoran pipa,sampai airnya keluar terus,sudah dilaporkan diiyain aja,,terus laporan lagi Sama orang yang biasanya ngecek meteran dari rumah ke rumah,tetap aja TDK ada tindakan udah hari ketiga setelah difoto sama orang PDAMnya sendiri tapi belum ada tindakan;depan rumah bocor pipasampai air keluar terussudah lapor diiyain ajaterus lapor ngecek meter rumah rumahtetap tidak tindak foto pdamnya tindak;Kebocoran;0.0751602446089171
Di keii nomer disuruh wa malah gak ada respon;kasih nomor suruh whatsapp tidak respon;Pelayanan;0.19878310272078514
Gak onok respone blass;tidak responnya sama sekali;Pelayanan;0.2010287209640117
Min sampai sekarang belum selesai kah? Aku daerah gununganyar airnya mati;admin selesai daerah gununganyar air mati;Air Tidak Mengalir;0.05969195543637839
ijin infonya apa perbaikan di gunung anyar apa sdh normalisasi? seandainya sdh air ny koq blm lancar jg td mlm sdh keluar itupun hanya beberapa jam saja dan pagi ini sama sekali macet kita nunggu sampai kapan air bisa normal;ijin info baik gunung anyar normalisasi anda air nya lancar malam keluar itu pun jam pagi macet nunggu air normal;Air Tidak Mengalir;0.16851505351354168
Gada aer;gaada air;Air Kotor/Bau;0.0
Pantes sejak kemarin airnya gk keluar sampek bingung arep adus karo ngiseng tibak e enek kebocoran;pantas air ga keluar bingung mandi berak nya bocor;Kebocoran;0.13516903555079604
Debit air kok mengecil di Sidosermo, cuman netes ?;debit air kecil sidosermo cuman netes;Air Tidak Mengalir;0.26048398802180994
Udh bbrp hari ini lho debit air sidosermo pdk 1A kecil.. Kurasa udh 3 bulan kebelakang ini mengecil lamax tambah kecil.. Tolong donk klo laporan langsung ditindaklanjuti..;loh debit air sidosermo pdk a kecil rasa belakang kecil lama lama kecil lapor ditindaklanjuti;Air Tidak Mengalir;0.23027458428659264
Adu Ketika lebaran air di jam 16.13 WIB itu lancar ya.  Tp skg mulai lagi. Keluarnya sedikit sekali. Debitnya mengecil. Daerah Tapak Siring.;adu lebaran air jam lancar keluar debit kecil daerah tapak siring;Air Tidak Mengalir;0.2769638133982454
@pdamsuryasembada gerak cepat juga donk, mengatasi keluhan tagihan yang melonjak tiba-tiba padahal tiap pagi air pdam pasti mati tidak keluar sama sekali mulai jam 06.00 sampai 12 siang baru nyala namun itu pun kecil debitnya dan jam 15.00 mati lagi sampa;gerak cepat atas keluh tagih lonjak pagi air pdam mati tidak keluar jam siang kecil debit jam mati sampa;Air Tidak Mengalir;0.2651592300227527
halo min di area kedurus dan sekitarnya kok airnya mati total ya? apakah ada gangguan pekerjaan?;halo admin area kedurus air mati total ganggu kerja;Air Tidak Mengalir;0.045906669903695387
Min kenapa udah 4harian kok air tidak bisa naek ke torn atas ya? Apakah lg ada perbaikan kayak kapan hari?;admin hari air tidak torrent baik kayak;Air Kotor/Bau;0.0
Min daerah mojo gak dialiri air ta? Kok gada air mengalir;admin daerah mojo tidak alir air ta gaada air alir;Air Tidak Mengalir;0.17583013520540675
Ditindak lanjuti ya daripada saya datangi kantornya :fire::fire::fire:;tindak lanjut datang kantor;Pelayanan;0.09462178937069103
Siwalankerto gak metu blass;siwalankerto tidak keluar sama sekali;Air Tidak Mengalir;0.09228483799798186
ini daerah sidotopo kok air tidak eluar sudah 2 hari dirumah saya telpo cs dan lapor di cis gak ada respon sampi sekarang payah!;daerah sidotopo air tidak keluar rumah telepon layan langgan lapor cis tidak respon payah;Pelayanan;0.13162340478783036
Ini sidosermo pdk 1A kok airnya ditempat saya mengecil ya kak;sidosermo pdk a air tempat kecil kak;Air Tidak Mengalir;0.09131471824368566
Ini daerah dinoyo kok mati airnya ?;daerah dinoyo mati air;Air Tidak Mengalir;0.07594005698226883
Mau tanya.pengajuan pemasangan tgl 19 maret sudah disurvey.tapi sampai sekarang tidak ada kejelasan,dipasang kapan nya.;tanyapengajuan pasang tanggal maret disurveytapi tidak kejelasandipasang nya;Pemasangan;0.13108641979484006
Aku pasang gak di pasang pasang sampek skrg;pasang tidak pasang pasang;Pemasangan;0.4392696881037586
pak bu ini saya udh telfon berkali kali sibuk terus, sampai wa jg ga ada respon gimana ini;bu telepon kali sibuk whatsapp ga respon;Pelayanan;0.16968641964114642
baik bapak/ibu untuk pergantian Stop Kran dikenakan biaya Rp. 197.580,- Pembayaran di Indomaret (Tagihan PDAM Non Air) / Aplikasi GoJek (Go-Tagihan, PDAM Surabaya Non Air) Kode bayar : 2120250400130 Jangka Waktu Pekerjaan -+ 7 hari dari pembayaran terimakasih;bapakibu ganti stop keran kena biaya rp bayar indomaret tagih pdam non air aplikasi gojek go tagih pdam surabaya non air kode bayar jangka kerja bayar terimakasih;Harga;0.12435930388427127
lahhh saya sudah buat laporan tapi belum ada tindakan sampek sekarang:crying_face:;lapor tindak;Pelayanan;0.15667883985117279
Tolong area kapas madya baru dong min..mau juga di cek kebocoran.Soalnya tagihan pam tinggi banget,pernah pengaduan ke pdam tpi disuruh bongkar semua saluran pipa:crying_face:;area kapas madya minmau cek kebocoransoalnya tagih pam bangetpernah adu pdam suruh bongkar salur pipa;Pelayanan;0.04637572641089782
Tagihan bulan maret kok naik kenapa ya Min?;tagih maret admin;Air Kotor/Bau;0.0
Air PDAM nya skarang kok bau pemutih ya;air pdam nya bau putih;Air Kotor/Bau;0.21734426255469208
Tagihan bengkak..karna ada perbedaan golongan tarif. Ukuran tanah+rumah+lebar gang sama..tp golonongan tarif berbeda. Sudah komplain,ditangani ..disurvey lokasi..tp tetap ga bs rubah golongan. Alasan..listrik katay 1300..padhal..dr mulai pasang listrik smp skrg,,dr PLN listriky 900(bukti pembayaran rekening listrik). Komplain lsg ke cs di ksntor pdam,, tp tetap ga bs kasih pnjelasan,knp gol tarif pdam saya beda dg rmh2 sblh. Akhiry di ajak ke ruangan,,ktm sm pimpinany. Dr pimpinan di cek..jg ga bs ksih pnjelsan. Ujung2 nya..katay ini dr sistem..pengkinian data ato apa. Yg katay nnt akan sm sma dg tarif golongan pdam saya. Cm saya heran,,knp dr 2017...cm rmh saya yg kena pengkinian dara,,sdg lainy tdk. Tlg mgkin ada yg bs bntu jwb:folded_hands:;tagih bengkak karena beda golong tarif ukur tanah rumah lebar gang sama tapi golonongan tarif beda komplain tangan di suvey lokasi tapi ga rubah golong alas listrik kata padahal dari pasang listrik sekarang dari pln listrik bukti bayar rekening listrik komplain layan langgan kantor pdam ga kasih pnjelasanknp golong tarif pdam beda rumah belah ajak ruang ketemu pimpin pimpin cek juga ga kasih jelas ujung kata sistem kini data kata tarif golong pdam heran kenapa rumah kena kini tidak mungkin bantu jawab;Harga;0.09309379443334743
Banjarsari, cerme 3 hari pdam mati;banjarsari cerme pdam mati;Air Tidak Mengalir;0.05653277609336031
Pdam tolong ya perumahan kencana residence kalilom lor indah,klo siang airnya tdk pernah nyala,malam nyala di atas jam 9 tp ini tdk nyala,gimana mau kerjaa,saya sdh tahan2 dr lama ini;pdam rumah kencana residence kalilom lor indahklo siang air tidak nyalamalam jam tidak nyalagimana kerjaasaya tahan;Air Kotor/Bau;0.0
Kapan min air di Gunung sari hidup...? Udah 7 jam ini matinya :crying_face:;admin air gunung sari jam mati;Air Tidak Mengalir;0.05805964036498202
Tidak ad info ,air pdam mati area sawunggaling min;tidak informasi air pdam mati area sawunggaling admin;Air Tidak Mengalir;0.05459977284585909
Min, wiyung gg 1 airnya kok mati ya?;admin wiyung gang air mati;Air Tidak Mengalir;0.06552471821294371
Min area kodam air nya kok mati?  Tidak ada info pemberitahuan;admin area kodam air nya mati tidak informasi pemberitahuan;Pelayanan;0.08933995849821223
Mohon bantuannya untuk pembatalan pengaduan PDAM karena sudah teratasi bagaimana ya :folded_hands:;mohon bantu batal adu pdam atas;Pelayanan;0.08342936406805523
Halo min Gunungsari 2 airnya mati dan tdk ada info pemberitahuan. Tolong dinyalakan kembali plis, sdh pengaduan via WA juga;halo admin gunungsari air mati tidak informasi pemberitahuan nyala plis adu via whatsapp;Pelayanan;0.19381300600049556
gimana ini air mati kok gk ada pemberitahuan sama sekali;air mati ga pemberitahuan;Pelayanan;0.15662183483918138
min kok gaonok pemberitahuan kodam mati total;admin gaada pemberitahuan kodam mati total;Pelayanan;0.08736036661564127
Min, kodam mati min airnya min.... bisa2nya bikin gebrakan tanpa pemberitahuan;admin kodam mati admin air admin bisa bikin gebrak pemberitahuan;Pelayanan;0.0626173204248398
Mohon berkenan buka DM saya :folded_hands:@pdamsuryasembada;mohon kenan buka pesan;Air Kotor/Bau;0.0
@pdamsuryasembada Ini kenapa air mati total ya. Tidak ada info dan penjelasan dari PDAM sebelumnya.;air mati total tidak informasi jelas pdam;Air Tidak Mengalir;0.058159826868401016
Pak air di pulosari mati, kok tidak ada pemberitahuan ya?;air pulosari mati tidak pemberitahuan;Pelayanan;0.11050018740766608
Mau tanya harga 1m kubik pdam surabaya brp y?;harga m kubik pdam surabaya;Harga;0.18998948696533383
Pak air di kodam mati,kate sholat bingung g onok banyu;air kodam matikate sholat bingung ga air;Air Kotor/Bau;0.0
Pak air daerah gunungsari mati. Sampek kapan ya?;air daerah gunungsari mati;Air Tidak Mengalir;0.07852839208257857
So far bad experience, air mati sebelum masuk meteran tetapi tidak ada penanganan yang baik dari pihak PDAM, pelaporan hanya cmn bertugas melapor tanpa ada konfirmasi pengerjaan yg jelas, laporan setelah tinjau pun tidak akurat, kacau;so far bad experience air mati masuk meter tidak tangan pdam lapor cuman tugas lapor konfirmasi kerja lapor tinjau tidak akurat kacau;Meteran (Macet/Bermasalah);0.02861469001833179
Daerah lontar pakuwon 2hari air mati terus bisa nyala waktu malem doang, gimana nih?;daerah lontar pakuwon air mati malam doang;Air Tidak Mengalir;0.04752988915404005
Halo, saya sudah mengajukan pengaduan karena air PDAM mati lewat WA, Web, dan DM. Tolong segera ditanggapi ya. Terimaksih;halo aju adu air pdam mati whatsapp web pesan tanggap terimaksih;Pelayanan;0.29751628681958453
TOLONG YA! JAMAN UDAH CANGGIH. KENAPA SIH HARUS ADA PETUGAS CEK METERAN PDAM? MANA MAIN MASUK PAGAR, PADAHAL PAGAR UDAH DI GRENDEL. TOLONG PETUGAS YG DI DAERAH GADING ITU.;jaman canggih sih tugas cek meter pdam main masuk pagar pagar grendel tugas daerah gading;Meteran (Macet/Bermasalah);0.031925785621140366
Pdam mati jm 3 kok ga ada pemberitahuan:woman_facepalming::woman_facepalming:;pdam mati jm ga pemberitahuan;Pelayanan;0.10511078666346392
Pak, saya DM laporan kebocoran pipa pdam di jalan. Mohon ditindaklanjuti.;pesan lapor bocor pipa pdam jalan mohon ditindaklanjuti;Kebocoran;0.15060670785298827
@pdamsuryasembada nyalain airnya min , air mati tanpa pemberitahuan, menghambat aktifitas pagi aja :crying_face:;nyala air admin air mati pemberitahuan hambat aktivitas pagi;Pelayanan;0.0797564098785022
Daerah kapas lor kecamatan kapas madya baru seharian gak keluar airnya min ini gimana ?;daerah kapas lor camat kapas madya hari tidak keluar air admin;Air Tidak Mengalir;0.056326158415524234
PDAM Kebraon kumat maneh iki lhoo. Gatau nggawe pengumuman blasss. Heran;pdam kebraon kambuh loh ga pernah pakai umum sama sekali heran;Air Kotor/Bau;0.0
Kebraon PDAM mati min;kebraon pdam mati admin;Air Tidak Mengalir;0.10143348494376216
Ga bisa bayar online;ga bayar online;Harga;0.09909045199734369
Dijojoran pdamx kalau sama yg pakai sanyoo,,,dirumah klre lak malam aja air pdamx;dijojoran pdamx pakai sanyoodirumah klre malam air pdamx;Air Kotor/Bau;0.0
Banyune butek didaerah tempel Sukorejo IV....pak;air keruh daerah tempel sukorejo iv pak;Air Kotor/Bau;0.07462264002752325
air gak keluar pada jam2 sibuk, setelah KOMPLAIN k PDAM. didapatkan solusinya. disuruh pasang pompa air atau pasang tandon :thumbs_up:;air tidak keluar jam sibuk komplain pdam dapat solusi suruh pasang pompa air pasang tandon;Pemasangan;0.211579801262661
Maaf pak di tempat kami daerah Surabaya barat airnya kotor nyalanya jugaa gak deras mana bayarnya mahal .. kalau bisa di turunkan tarif air PDAM;maaf daerah surabaya barat air kotor alir tidak deras bayar mahal turun tarif air pdam;Harga;0.23915607157781296
Banyune gak isok diombe pak lek :crying_face:;air tidak minum;Air Kotor/Bau;0.0
Apanya yg murah masuk gang kecil aja tarifnya 100 ribu keatas buktinya punya saya sendiri;apa murah masuk gang kecil tarif atas bukti;Harga;0.2139666545141603
Murah tapi butek kotor;murah keruh kotor;Air Kotor/Bau;0.306578124484307
Klo bisa lebih murah lagi tarif pdam bisa diturunkan lagi donk;murah tarif pdam turun;Harga;0.32123333982082614
Air gk kluar cuma kluar malam ajja hbis isak sampe jam 3;air ga keluar keluar malam aja habis isya jam;Air Tidak Mengalir;0.13826823446060785
Harga naik di saya;harga;Harga;0.34152829086057834
Karangrejo air PDAM nya byk pasirnya sdh laporan bolak balik;karangrejo air pdam nya pasir lapor kali kali;Air Kotor/Bau;0.0
D tempat daerah kedurus air nya kotor pak;daerah kedurus air nya kotor;Air Kotor/Bau;0.17096681583782983
PDAM sing air diminum opo rek.... ono sing doyan ta ngombe air PDAM... digodok wae rasane ane... iya nek jaman 90 an jik kolu diombe... saiki gae adus wae butek... :face_with_hand_over_mouth:;pdam air minum kawan suka ta minum air pdam rebus aja aneh jaman an sanggup minum pakai mandi aja keruh;Air Kotor/Bau;0.03738725682003685
Air PDAM murah tapi butek,percuma cak;air pdam murah butekpercuma kak;Harga;0.175290643270072
Min @pdamsuryasembada air dirumahku kenapa ngalirnya kecil sekali:crying_face: tidak seperti biasanya dalam beberapa waktu terakhir;admin air rumah ngalirnya kecil tidak dalam;Air Tidak Mengalir;0.10264155750807497
admin tolong cek dm yaa;admin cek pesan;Air Kotor/Bau;0.0
Halo kak, kebraon sek suwe ta murupe? Gaonok info blas moro2 mati rek;halo kak kebraon sek suwe ta nyala gaada informasi sama sekali moro mati kawan;Air Tidak Mengalir;0.02903784875657911
PDAM Kebraon mati bossqueee. Mana matinya di jam primee hadehhh. Gini kok malah yang dikantor joged joged tiktok terusss. Herann;pdam kebraon mati bos ku mati jam aduh gin kantor joget joget tiktok heran;Air Tidak Mengalir;0.052776393820062474
Pdam Kebraon mati kah?;pdam kebraon mati;Air Tidak Mengalir;0.1131750328024608
PDAM kebraon grandharvest matiiii pagi pagiii minnn :crying_face:;pdam kebraon grandharvest mati pagi pagi admin;Air Tidak Mengalir;0.04963579964147598
Min. Daerah dukuh bulu air mati seharian min;admin daerah dukuh bulu air mati hari admin;Air Tidak Mengalir;0.049025696402824594
AIR PDAM kebraon mati tapi gak ada info sama sekali,kacau ini jam aktivitas kerja dan sekolah loh ini;air pdam kebraon mati tidak informasi sekalikacau jam aktivitas kerja sekolah loh;Air Tidak Mengalir;0.03940812517256549
Pdam Kebraon belom menyala pak . Sampai sekarang .. pada mau berangkat kerja dan sekolah ini pak . Mohon segera di aliri. Air pak;pdam kebraon nyala berangkat kerja sekolah mohon alir air;Air Tidak Mengalir;0.09638039857077672
Sebaiknya kalau ada giat pekerjaan mematikan aliran Air PDAM kepada Warga. Beberapa hari sebelumnya ada pemberitahuan agar warga dapat mempersiapkan dampaknya. Kebraon mati dari tadi jam 7.30 sampai pukul 13.10 juga belum mengalir. PDAM bisa lebih profesional dalam pelayanan kepada masyarakat. Bukan hanya maaf saja. Agar tidak menjadi Budaya pelayanan apa adanya :fire::fire:;giat kerja mati alir air pdam warga pemberitahuan warga siap dampak kebraon mati jam alir pdam profesional dalam layan masyarakat bukan maaf tidak budaya layan;Air Tidak Mengalir;0.136912264956078
PDAM Kebraon mati sampai kapan ini??;pdam kebraon mati;Air Tidak Mengalir;0.1131750328024608
Mestiiiii lak kebiasaan @pdamsuryasembada senengane mateni banyu gak atek woro².;biasa suka mati air tidak pakai umum;Air Tidak Mengalir;0.048166490508647714
Tolong ditindaklanjuti ya min @pdamsuryasembada . Air di kebraon mati dari sesudah subuh. Orang mau berangkat kerja jadi ga bisa mandi nih. Terima kasih:folded_hands:;ditindaklanjuti admin air kebraon mati subuh berangkat kerja ga mandi terima kasih;Air Tidak Mengalir;0.0395845510560584
Pdam Kebraon mati @pdamsuryasembada  gimana ini ? Anak & suami mau sekolah & kerja, gak ada air;pdam kebraon mati anak suami sekolah kerja tidak air;Air Tidak Mengalir;0.043894161646553326
Kapan murupe Iki banyune min daerah Kemlaten? @pdamsuryasembada;nyala air admin daerah kemlaten;Air Kotor/Bau;0.0
Kenapa sampai menjelang sore blm mengalir juga?? @pdamsuryasembada;jelang sore alir;Air Tidak Mengalir;0.13219381158344673
Daerah lontar kenapa gak ngalir lagi airnya;daerah lontar tidak alir air;Air Tidak Mengalir;0.15689087205138538
Bapak bapak apakah air matinya masih lamaa, kebraon dari pagi niiih. Mau mandii uda soreee;air mati lamaa kebraon pagi niiih mandi uda soreee;Air Tidak Mengalir;0.03811229429177176
Dari tadi di kolom komen estimasi 1 jam slesai tp smpek jam set 12 belom nyala nih air HMMM;kolom komen estimasi jam selesai jam set air;Air Kotor/Bau;0.0
Terpantau di Sumberan balas klumprik masih belom nyala ya min :sweat_droplets:...;pantau sumber balas klumprik admin;Air Kotor/Bau;0.0
PDAM daerah kebraon mati sampai jam brp pak?air mati di jam2 org mau beraktifitas;pdam daerah kebraon mati jam pak air mati jam aktivitas;Air Tidak Mengalir;0.08551088736625359
selamat pagi, mau nanya ini kak admin, air di kebraon balas klumprik kok smpe pagi ini masih belum mengalir, mohon info apakah masih macet atau masih diperbaikki, terima kasih;selamat pagi kak admin air kebraon balas klumprik smpe pagi alir mohon informasi macet diperbaikki terima kasih;Air Tidak Mengalir;0.19837249004914803
PDAM Kebraon masih mati, lama sekali;pdam kebraon mati;Air Tidak Mengalir;0.1131750328024608
@pdamsuryasembada Air padam di wilayah Kelurahan Kebraon. Perbaikan sudah selesai atau belum? Kapan menyala/normalisasi lagi? Terimakasih.;air padam wilayah lurah kebraon baik selesai nyala normal terimakasih;Air Tidak Mengalir;0.18653939678505296
Sumberan bongko banyumu,cak @pdamsuryasembada;sumber bongko banyumucak;Air Kotor/Bau;0.0
@pdamsuryasembada Tolong ditindaklanjuti dengan segera, daripada kena marah warga yang terdampak air padam. Tadi awalnya sampai dengan 1 jam (sekitar pukul 9 pagi), air dalam proses normalisasi. Tapi kenyataannya sampai sekarang air belum nyala.;ditindaklanjuti kena marah warga dampak air padam jam pagi air dalam proses normalisasi nyata air;Air Tidak Mengalir;0.14094315182238137
Ayoo pak Ndak dinyalakan air Kebraon , Iki akeh aktifitas pak;ayoo tidak nyala air kebraon akeh aktivitas;Air Kotor/Bau;0.0
kasih info dong nih mati jugaa :loudly_crying_face:;kasih informasi mati;Air Tidak Mengalir;0.09013765395781957
Jedengku Pesing...gak iso di gebyur...sampai Saiki area balasklumprik jek mati banyune;kamar mandi ku pesing ga gebyursampai area balasklumprik mati air;Air Tidak Mengalir;0.03564067336901581
Kebraon indah permai air mati pagi ini;kebraon indah permai air mati pagi;Air Tidak Mengalir;0.05485115763002519
Kebraon PDAM e mati bos. Iki jam kerjo. Mosok budal kerjo gag adus;kebraon pdam nya mati bos jam kerja berangkat kerja tidak mandi;Air Tidak Mengalir;0.03940905492593936
PDAM  Kebraon kok mati lagi padahal td sudah nyala tp sebentar ini gmn ya;pdam kebraon mati sebentar;Air Tidak Mengalir;0.06815038378775429
kebraon mati om banyue, Ya Allah;kebraon mati om air allah;Air Tidak Mengalir;0.05402213903244883
Iya pak saya di Kebraon Utama RT 01 mati dari pagi, ada apa ya;kebraon utama mati pagi;Air Tidak Mengalir;0.06460228631213
Pdam Kebraon mati dr tadipagi sampe sekarang belum bisa,  knapa ini ya?;pdam kebraon mati tadipagi knapa;Air Tidak Mengalir;0.05325884566557796
Sampai sekarang kemlaten masih mati airnya min @pdamsuryasembada;kemlaten mati air admin;Air Tidak Mengalir;0.07712713876408697
Daan tdk diinfo sama sekali. Pas km mandi waktu nguras pagi,pas air mati;daan tidak info pas mandi nguras pagipas air mati;Air Tidak Mengalir;0.03788759311737978
Pdam kebraon kok blm nyala ...jam brp nyalanya ini;pdam kebraon jam alir;Air Tidak Mengalir;0.17507146901808898
pakk, PDAM kebraon mati :loudly_crying_face::loudly_crying_face:;pakk pdam kebraon mati;Air Tidak Mengalir;0.07097214004520368
Sido E nyala jam piro Min ,Kebraon Iki ?;sido nya jam piro admin kebraon;Air Kotor/Bau;0.0
Air di daerah kebraon kok masih belum nyala;air daerah kebraon;Air Kotor/Bau;0.0
kalau ada perbaikan mohon ada pemberitahuan. jadi bisa persiapan air, dan air bersih di bak mandi tidak tercampur dengan air keruh. kalau begini saya harus kuras bak mandi. MOHON DAPAT DIJADIKAN PERTIMBANGAN DI KEMUDIAN HARI.;baik mohon pemberitahuan siap air air bersih bak mandi tidak campur air keruh kuras bak mandi mohon jadi timbang;Air Kotor/Bau;0.04351696068108028
Di lontar belum nyala;lontar;Air Kotor/Bau;0.0
Pdam klumprik mati belum nyala;pdam klumprik mati;Air Tidak Mengalir;0.08472923294373805
Pdam kebraon mati lagi nih?;pdam kebraon mati;Air Tidak Mengalir;0.1131750328024608
Kebraon mati air PDAM e..haduw pagi² lagi;kebraon mati air pdam pagi;Air Tidak Mengalir;0.08783730519147993
Mbok ngasih pengumuman dulu baru dimatikan min, ini malah sebaliknya bolak balik komplain tp gak diperhatikan sarannya customer, padahal kan klo ada acara perbaikan itu ada planningnya gak grusak grusuk;mbok umum mati admin kali kali komplain tidak perhati saran customer kan baik planningnya tidak grusak grusuk;Pelayanan;0.06108704235065875
Waduuh ini PDAM KEBRAON belum nyala kahhh?? Tolongg pakk nyalakan airnyaa, butuh iniii;waduuh pdam kebraon kahhh tolongg pakk nyala airnyaa butuh iniii;Air Kotor/Bau;0.0
sampai jam brp ini Kebraon PDAMnya nyala boss???;jam kebraon pdamnya bos;Air Kotor/Bau;0.0
Kapan nyala iki kebraon, info pok'o minnnnnn, budal kerjo mosok Raup tok;kebraon informasi poko minnnnnn berangkat kerja raup tok;Air Kotor/Bau;0.0
Tolong dong, daerah hr muhammad tepatnya dukuh kawal kali kendal air kok mati nyala pun malem. Pdhal kemarin2 sudah lancar, knp balik lagi seperti ini?;daerah muhammad tepat dukuh kawal kendal air mati malam lancar kali kali;Air Tidak Mengalir;0.02983673782709702
halo min daerah kedurus ini kapan airnya bisa nyala? dari pagi airnya mati;halo admin daerah kedurus air pagi air mati;Air Tidak Mengalir;0.06012921363131498
Kenapa yg d daerah bogangin kedurus skitar mati tanpa pmberitahuan sblmnya min... Auto nabyak nabyak :person_facepalming:;daerah bogangin kedurus mati pemberitahuan admin auto nabrak nabrak;Pelayanan;0.053711431522829985
Kebiasaan, perbaikan waktu pagi² dan mau siap² berangkat kerja. Berapa jam ini perbaikannya!;biasa baik pagi berangkat kerja jam baik;Air Kotor/Bau;0.0
kedurus ini kapan selesainya jamberapaaaaaa air normaaal?;kedurus selesai jam berapa air normal;Air Kotor/Bau;0.0
Min...min daerah Kebraon bkok belom nyala dari pagi Ampe sekarang ini gmn saya mau aktifitas klo gak ada air sama sekali;minmin daerah kebraon b kok pagi aktivitas tidak air;Air Kotor/Bau;0.0
Kedurus jg mati ya min aernya;kedurus mati admin air;Air Tidak Mengalir;0.08834100526661758
Daerah lontar kok mati ya;daerah lontar mati;Air Tidak Mengalir;0.08816079464374828
Lontar jg mati;lontar mati;Air Tidak Mengalir;0.09794323848128955
airnya mati sampai kpn ya? kenapa pemadaman air nya di saat orang sedang mau aktivitas? area terdampak nya kedurus ini mati;air mati padam air nya aktivitas area dampak nya kedurus mati;Air Tidak Mengalir;0.2656214930318606
Kalo matikan air itu ada pemberitahuan dong,biar org juga persiapan. Area kedurus mati, gimana sihhh;mati air pemberitahuan dongbiar siap area kedurus mati sihhh;Air Tidak Mengalir;0.07687534328813064
Lagi² nggak ada info,, air mati 17 Maret jam 6 pagi  daerah lontar;tidak informasi air mati maret jam pagi daerah lontar;Air Tidak Mengalir;0.05111881153704153
Rumah saya terdampak di daerah Jl Mastrip. Apa perbaikan akan sampai sore hari?;rumah dampak daerah jalan mastrip baik sore;Air Kotor/Bau;0.0
MINTA TOLONG BILA ADA RENCANA UNTUK PEMADAMAN PDAM BISA DI SHARE DI IG. MINIMAL PELANGGAN BISA MENAMPUNG AIR NYA. TERIMA KASIH;rencana padam pdam share instagram minimal langgan tampung air nya terima kasih;Air Tidak Mengalir;0.1528090116685601
Pagi ini daerah Krembangan tiba2 air tidak keluar;pagi daerah krembangan air tidak keluar;Air Tidak Mengalir;0.10306138366490136
Apa pelanggan PDAM kota Surabaya dapat keringanan biaya tagihan PDAM;langgan pdam kota surabaya ringan biaya tagih pdam;Harga;0.09916043547902671
Maaf mau tanya pak saya sudah dftar sudah di surve juga tapi belum dapat wa atau pemberitahuan dari kantor untuk pembayaran dan no kontraknya gimana ya pak;maaf daftar survey whatsapp pemberitahuan kantor bayar kontrak;Pelayanan;0.26332451244727056
Selamat pagi. Mohon cek DM ya. Gangguan air di injoko gayungan;selamat pagi mohon cek pesan ganggu air injoko gayung;Air Kotor/Bau;0.0
Mohon info hari ini apakah Baratajaya juga mati air?;mohon informasi baratajaya mati air;Air Tidak Mengalir;0.06257579877055837
Halo min manukan kulon dirumah saya smp saat ini blom nyala sama sekali.. Gimana ini?;halo admin manuk kulon rumah;Air Kotor/Bau;0.0
Sampek sekarang masih pelan minn keluar airx, apakah belum selesei yaa;pelan minn keluar airx selesei;Air Tidak Mengalir;0.07314722139562123
Apakah jalan Arjuno kena dampaknya,?? Dari kemarin sore Airnya keluar nya kecil;jalan arjuno kena dampak sore air keluar nya kecil;Air Tidak Mengalir;0.15194051742954612
Mohon info min, raya lontar dekat pintu keluar ptc sudah beberapa hari ini aliran air mengecil, tengah malam yang biasanya kencang ini sama saja mengecil, mohon di tindak lanjuti min @pdamsuryasembada :folded_hands::folded_hands:;mohon informasi admin raya lontar pintu keluar ptc alir air kecil malam kencang kecil mohon tindak lanjut admin;Air Tidak Mengalir;0.2109365044535397
Air pakuwon sby barat kecil lagi;air pakuwon surabaya barat kecil;Air Tidak Mengalir;0.10166064737735446
Waduh dr siang air ga kluar ini ditambah ada gangguang estimasi 6 jam sisan. Bayar larang2 banyue metu sak karepe dewe;siang air ga keluar tambah ganggu estimasi jam bayar mahal air keluar mau;Harga;0.15233583268742965
Kak...minta info untuk daerah bangkingan PDAM mati ?;kak minta informasi daerah bangking pdam mati;Air Tidak Mengalir;0.04771613676588868
Kalau pengerjaan ganti stop kran telah selesai terlebih dahulu, baru langsung pembayaran  apa bisa?;kerja ganti stop keran selesai bayar;Meteran (Macet/Bermasalah);0.14347305368170035
Klo rembes pipa dalam apakah bisa minta tlng PDAM buat deteksi ?mohon pencerahannya;resap keluar pipa dalam pdam deteksi mohon cerah;Kebocoran;0.2720979705259975
Di Daerah saya masih kesulitan air. Kalau mau air kita harus nampung air hujan dulu karena belum ada sambungan PDAM masuk ke rumah padahal dekat dengan kota besar bukan di pelosok desa desa. :crying_face:sudah lama seperti ini sedih nya;daerah sulit air air tampung air hujan sambung pdam masuk rumah kota bukan pelosok desa desa sedih nya;Pemasangan;0.14272393281358023
Bukan puasa makin mengecil cenderung tdk keluar;bukan puasa kecil cenderung tidak keluar;Air Tidak Mengalir;0.17917988393284864
Air nya blm bisa langsung diminum .. Kpn teknologi ini diterapkan @pdamsuryasembada;air nya minum teknologi terap;Air Kotor/Bau;0.0
Bulan puasa air malah mengecil cenderung tdk keluar daerah tambak dalam asemrowo;puasa air kecil cenderung tidak keluar daerah tambak dalam asemrowo;Air Tidak Mengalir;0.13731842868052924
Pengajuan selalu diundur2 kayabundur2 dari 2024 sampai sekarang blm jelas kendala apanjuga ndak ada info sampai apk cis sdh dihapus;aju undur kendala apa juga tidak informasi aplikasi cis hapus;Pelayanan;0.06892976935183824
2025 masih belom merata pemasangan pipa PDAM di tempat depan persil gudang.. tolong agar bisa segera dilakukan pemasangan pipa induk PDAM bapak @ericahyadi_ @cakj1;rata pasang pipa pdam persil gudang pasang pipa induk pdam;Pemasangan;0.20248736807445414
@pdamsuryasembada_ tlg d respon;respon;Pelayanan;0.246593384966774
Semoga bisa meningkatkan kualitas air nya, bukan sekedar edukasi aja ke masyarakat, jadi kita gak harus laporan tiap bulan perihal air keruh.. Mohon jadi perhatiannya. Terima kasih;moga kualitas air nya bukan edukasi masyarakat tidak lapor perihal air keruh mohon perhati terima kasih;Air Kotor/Bau;0.14322376571021433
Min di daerah jojoran rumah saya ko keluar nyaa kecil ya min masa nunggu malem hari baru bisa naik ke dalem rumah air nya min;admin daerah jojoran rumah keluar nya kecil admin nunggu malam dalam rumah air nya admin;Air Tidak Mengalir;0.11800881420367461
karang menjangan juga min minta tolong airnya ga keluar;karang menjangan admin air ga keluar;Air Tidak Mengalir;0.08931449719512471
Sampai sekarang d daerah Tales masih mati...mohon perhatiannya;daerah tales mati mohon perhati;Air Tidak Mengalir;0.056496462317847475
karangan wiyung hari ini 7 maret gak keluar,,tapi tetangga kanan kiri air nya normal;karang wiyung maret tidak keluartapi tetangga kanan kiri air nya normal;Air Kotor/Bau;0.0
bendul bayune mati,lekkk @pdamsuryasembada;bendul bayune matilekkk;Air Kotor/Bau;0.0
min kawasan kampung seng nyala airnya malam terus. mohon di cek.;admin kawasan kampung seng air malam mohon cek;Air Kotor/Bau;0.0
Mohon maaf, bisa tolong dibantu untuk menindaklanjuti laporan saya tentang air keruh di daerah Ngagel Jaya Selatan. Tgl 26 Februari saya sudah lapor via WA dan tgl 4 Maret saya lapor lagi via WA. Mohon jadi perhatian ya untuk kualitas air, karena kamu gunakan untuk kebutuhan sehari-hari. Terima kasih :clapping_hands_light_skin_tone:;mohon maaf bantu menindaklanjuti lapor air keruh daerah ngagel jaya selatan tanggal februari lapor via whatsapp tanggal maret lapor via whatsapp mohon perhati kualitas air guna butuh hari terima kasih clappinghandslightskintone;Air Kotor/Bau;0.08324623993968344
Emang kalau mau pasang baru kena biaya berapa min;pasang kena biaya admin;Pemasangan;0.24101047931482053
Min, klo pasang baru pdam. Untuk tempat usaha kontrak gitu, harus ada surat tanahnya?;admin pasang pdam usaha kontrak surat tanah;Pemasangan;0.1599547141396923
Min,, sahur-sahur kok air di manukan di matiin sih? Apa ada perbaikan yaa? @pdamsuryasembada;admin sahur sahur air manuk matiin sih baik;Air Kotor/Bau;0.0
Kenapa mendadak selalu sih....;dadak sih;Air Kotor/Bau;0.0
Daerah Wisma Pagesangan kok jadi ikutan mati airnya, kenapa selalu begini sih @pdamsuryasembada, capek banget sayaa;daerah wisma pagesangan mati air sih capek sayaa;Air Tidak Mengalir;0.038760814581393604
kmrn depan rumah pdam bocor iseng ke pengaduan di aplikasi saya kira bakal datang 3 harian.. lho gak taunya langsung gercep.. hari itu juga datang.. good job..;rumah pdam bocor adu aplikasi kira hari loh tidak tahu nya gerak cepat good job;Kebocoran;0.09734766183684852
min tlg d cek,q mau byr tagihan ini tp koq GK bisa kluar tagihan nya,katanya pembayaran periode 1 mulai tgl 1-15,lah skrg msh tgl 14 koq GK bisa kluar tagihan nya,tlp ke cs malah d suruh byr tgl 16 saja sekalian byr tagihan bulan selanjutnya;admin cekq bayar tagih ga keluar tagih nyakatanya bayar periode tanggal tanggal ga keluar tagih nyatlp layan langgan suruh bayar tanggal bayar tagih;Harga;0.09816053911277611
"air diarea tegalsari udh 4hari ini kenapa keruh terus"" an ya? ada perbaikan atau apa?";air area tegalsari keruh an baik;Air Kotor/Bau;0.09581220901374446
Air di graha sampurna, wiyung? Mati? Ga ada info?;air graha sampurna wiyung mati ga informasi;Air Tidak Mengalir;0.04541825493539579
Pdam emang tarifnya naik kah? Kok ini saya cuma 2 keluarga pemakai habisnya 600rban..:crying_face::crying_face:;pdam tarif keluarga pakai habis ribu an;Harga;0.1038224043733579
Kmren sy tolak krn surat pemberitahuan tidak ada tlg proses pergantianny pelanggan di info dulu surat resmi jgn lgsung ada orang datang kerumah rawan penipuan & perampokan;tolak surat pemberitahuan tidak proses ganti langgan informasi surat resmi ke rumah rawan tipu ampo;Pelayanan;0.04494261552948961
air saya udah bbrp hari ini bau kaporit bgt knp ya??;air bau kaporit banget;Air Kotor/Bau;0.41699262253575503
"Kemarin sudah diganti, setahun uda 2x .. bapak"" yang catat meteran gercep .. tau mati langsung laporan yang punya rumah, bahwa meteran matii .. gak kayak PLN, meteran mati sudah bertahun"" ( saya kontrak baru 1 tahun ).. jadi tiap bulan ak bayar cuma abonemen aja, mana tau saya kalau meterran rusak .. ehh ndilalah kmrn yang catat meteran ganti orang, langsung d report kalau meteran matiii .. dan alhasil saya membayar tagihan 6 bulan ke belakang.. total 1,2 jutaa ..";ganti tahun uda x catat meter gerak cepat mati lapor rumah meter mati tidak kayak pln meter mati tahun kontrak bayar abonemen meterran rusak ehh ndilalah catat meter ganti report meter mati alhasil bayar tagih belakang total jutaa;Meteran (Macet/Bermasalah);0.14669563532384783
Punya saya abis ganti meteran baru malah abis banyak :loudly_crying_face::loudly_crying_face::loudly_crying_face:;habis ganti meter habis;Meteran (Macet/Bermasalah);0.0643885601509449
Kapan peremajaan kwalitas air broo..??? Bertahun thn kwaliatas air gk pernah stabil & lbh sering keruh;remaja kualitas air kawan tahun kualitas air ga stabil keruh;Air Kotor/Bau;0.26296026052302685
benar gratis ya min, soalnya dulu saya pernah tanya klau ganti meteran air ada biaya;benar gratis admin klau ganti meter air biaya;Harga;0.24540603260259175
ini kenapa kualitas jelek banget sih beberapa bulan ini...kadang keluar putih kayak kecampuran susu...kirain mah anak main sabun di dalam bak..eh ternyata kualitas airnya....trz kalo di buat mandi knpa malah jd gatal2...dan beberapa hari ini keruh banget..sampe aq kasih kaos kaki keran nya..:crying_face::crying_face::crying_face: dan setelah di cuci kaos kakinya blm ada 3 hari..kotor buanget...apa di semua wilayah ya??;kualitas jelek sih ini kadang keluar putih kayak campur mah anak main sabun dalam bak kualitas air mandi gatal dan keruh sekali sampai kasih kaos kaki keran nya cuci kaos kaki beberapa hari kotor sekali apa wilayah;Air Kotor/Bau;0.15184452627582362
Kaca meter air rumah saya mengembun dan buram, harus melakukan pengajuan penggantian dl atau bagaimana min ?;kaca meter air rumah embun buram laku aju ganti dl admin;Meteran (Macet/Bermasalah);0.3452586842168466
@kholifiaworo iki lo yo g ada surat menyurat perijinan dr RT ? Tiba tiba dateng aja ke rumah;ga surat surat perijinan rumah;Air Kotor/Bau;0.0
Punya saya meteran mati, sudah TTD di aplikasi petugas sampai skrg gak ada lanjutan min;meter mati ttd aplikasi tugas tidak lanjut admin;Meteran (Macet/Bermasalah);0.06288339357988154
Semenjak meteran rumah saya di ganti sekarang air di rumah saya Ndak menyala;semenjak meter rumah ganti air rumah tidak nyala;Meteran (Macet/Bermasalah);0.06483885253773726
Pak,,klu mau meninggikan meteran bayar nggak ya? Soalnya letaknya ada dibawah sekali dan sangat menyusahkan petugas klu mau cek meteran;pakklu tinggi meter bayar tidak letak bawah susah tugas klu cek meter;Meteran (Macet/Bermasalah);0.07975037522818727
free kah min ??;gratis admin;Harga;0.3004094360457676
Byk yg protes kl stlh diganti meteran maka tagihannya sdh naik tajam padahal org nya ya sama persis bertahun2, bener ya?;protes ganti meter maka tagih tajam nya persis tahun benar;Meteran (Macet/Bermasalah);0.04359426447620495
Bila memang PDAM punya program penggantian meter mohon khususnya seluruh pelanggan mendapat informasi terkait hal itu bisa lewat lurah setempat agar disampaikan ke RT / RW untuk diteruskan ke warga masyarakat;memang pdam program ganti meter mohon langgan informasi kait lurah sampai rw terus warga masyarakat;Meteran (Macet/Bermasalah);0.03704308540748649
Wah untuk pergantian krannya ngk gratis ya min :grinning_face_with_sweat:;ganti keran nya ngga gratis admin;Harga;0.1619396352860915
Wes sebulan lebih cuma di inspeksi saja dan belum ada tindakan lanjut(meteran air buram dan ndak muter);bulan inspeksi tindak lanjut meter air buram tidak putar;Meteran (Macet/Bermasalah);0.21012525690920233
Tempat saya meterannya kacanya SDH ngembun/gak jelas ... Kecamatan Sawahan, Kelurahan Banyuurip... Bisa ya min mengajukan penggantian?;meter kaca ngembungak camat sawah lurah banyuurip admin aju ganti;Pelayanan;0.07332245794272521
Saya kapan hari lapor kena biaya pergantian meteran;lapor kena biaya ganti meter;Harga;0.14957182593890175
Aq juga mau dgnti meteran;ganti meter;Meteran (Macet/Bermasalah);0.15649257426889793
Kl aliran air dari PDAM kecil itu apa perlu diganti juga meteran nya ya?;alir air pdam kecil perlu ganti meter nya;Air Tidak Mengalir;0.22527974318444727
tambak wedi baru kpnkah krn meteran sdh buram;tambak wedi kapan kah meter buram;Meteran (Macet/Bermasalah);0.20624278934742354
Lapor meteran buram, cuma dilihat,dicatat trus belum ada tindakan lanjutan;lapor meter buram dilihatdicatat tindak lanjut;Meteran (Macet/Bermasalah);0.2524462190260294
Air pdam saya bulan januari msh puluhan dan kaget penbayaran bulan februari jd ratusan. Padahall rmh jarang ditempati kok jd nya ratusan.;air pdam januari puluh kaget bayar februari ratus rumah jarang tempat nya ratus;Harga;0.0381555632398277
Mantab:clapping_hands::clapping_hands::clapping_hands:;mantap;Air Kotor/Bau;0.0
Mantab min. Lanjutkan;mantap admin lanjut;Air Kotor/Bau;0.0
Kak kalau hanya gak bisa di putar karna terlalu sering terkena air hujan gitu apa perlu diganti juga?;kak tidak putar kena air hujan perlu ganti;Air Kotor/Bau;0.0
Kalau pengerjaan ganti stop kran telah selesai terlebih dahulu, baru langsung pembayaran apa bisa?;kerja ganti stop keran selesai bayar;Meteran (Macet/Bermasalah);0.14347305368170035
Kalo stop kran dekat meteran rusak (bocor atau patah), itu tanggungan siapa ya min ?;stop keran meter rusak bocor patah tanggung admin;Meteran (Macet/Bermasalah);0.2908096312190813
setelah melakukan pembayaran, petugas profesionalnya apakah bisa langsung datang di hari yg sama?;laku bayar tugas profesional;Harga;0.08032336386065618
Pelayanan terbaik;layan baik;Pelayanan;0.1716353544360578
Terima kasih perbaikan gerak cepat :raising_hands:;terima kasih baik gerak cepat;Air Kotor/Bau;0.0
Permisi admin mau tanya.. Hari ini ada petugas pdam yg datang dan bilang kalau ada program dri pdam untuk meteran yang sudah 5 tahun akan di ganti baru secara gratis, apa itu benar ya min?;permisi admin tugas pdam bilang program pdam meter ganti gratis benar admin;Harga;0.10818192921114018
Pelayanan baik, kebocoran cepat teratasi;layan bocor cepat atas;Kebocoran;0.18889963892549605
Pelayanan cepat dan mantab;layan cepat mantap;Pelayanan;0.11957953818726424
Tolong dengan hormat dan teramat sangat agar  kualitas air nya di benerin? Saya tiap bulan laporan air keruh, bulan lalu coklat, bulan ini abu2.. Untuk cuci piring aja kita was2 dengan kualitas seperti ini, apalagi untuk mandi dan kumur ketika berwudhu.. Tolong jadi perhatian ya masalah kualitas air.  Terima kasih.;hormat amat kualitas air nya benerin lapor air keruh coklat abu cuci piring was kualitas mandi kumur berwudhu perhati kualitas air terima kasih;Air Kotor/Bau;0.28929569195099
Selamat malam admin, permisi mau tanya apakah di daerah pakis ada perbaikan? Karena air kotor banget saat dikrkuarkan jika memang ada perbaikan berapa lama karena udah 2 hari air kotor, harus nguras bak mandi terus kalau seperti ini;selamat malam admin permisi daerah pakis baik air kotor dikrkuarkan memang baik air kotor nguras bak mandi;Air Kotor/Bau;0.13329608781298607
Air nya keruh banget min, masa gosok gigi, cuci muka, mandi dll pakai air keruh kek gtu;air nya keruh admin gosok gigi cuci muka mandi dan lain pakai air keruh gtu;Air Kotor/Bau;0.10305818672780391
17 Januari lapor air keruh coklat, tgl 20 Januari bening.. Sekarang sudah beberapa hari ini keruh abu2.. Sampai rasanya buat cuci piring saja gak layak, bagaimana ini?;januari lapor air keruh coklat tanggal januari bening keruh abu cuci piring tidak layak;Air Kotor/Bau;0.20050010899364257
Selamat malam Min , maaf OOT , daerah Kupang air kotor banget Min;selamat malam admin maaf out of topic daerah kupang air kotor admin;Air Kotor/Bau;0.08391190888645565
Sudah 2minggu lebih air didaerah jambangan mengicil. Sudah lapor bolak balik belum ada petugas yg datang buat mengecek.;air daerah jambang kecil lapor kali kali tugas ecek;Air Tidak Mengalir;0.06913042542810602
Min daerah semampir utara air mati kah?;admin daerah mampir utara air mati;Air Tidak Mengalir;0.058351691036334766
Mohon di bantu wilayah jagir sidomukti airnya sangat keruh hari ini :folded_hands:;mohon bantu wilayah jagir sidomukti air keruh;Air Kotor/Bau;0.08085637618130123
Mantap;mantap;Air Kotor/Bau;0.0
Tadi malam belum diperbaiki ya pdamnya air di perum ikip gunung mati dari pagi barusan keluar tapi kecil banget;malam baik pdamnya air perum ikip gunung mati pagi barusan keluar kecil;Air Tidak Mengalir;0.1658662999465595
Biasanya air di perum ikip gunung anyar lancar lancar cuma sudah 2 minggu airnya keluar kecil banget dan hanya malam saja keluarnya;air perum ikip gunung anyar lancar lancar air keluar kecil malam keluar;Air Tidak Mengalir;0.17302939936671485
Terima kasih infonya pak... Selalu update sebelum nya:clapping_hands:;terima kasih info update nya;Air Kotor/Bau;0.0
gunung anyar tambak apa juga terdampak yaa kok aliran air rumah juga mengecil?;gunung anyar tambak dampak alir air rumah kecil;Air Tidak Mengalir;0.18659943834477588
min. daerah sidodadi ada pipa besar bocor. mohon di cek..;admin daerah sidodadi pipa bocor mohon cek;Kebocoran;0.1610395779071946
Min. Ini pdam saya mati sekitar tgl segini. Saya call pdam sby .. ada.petugas datang. Tapi petugas bersikeras tekanan. Jadi harus langsung pompa. Ga bisa melalui tandon. Padahal kanan kiri bisa. Dan di depan ada galian pipa hitam baru yang sambung dalam.sedangkan saya belum. Ini gimana ya? Nanti call pdam tetap petugasnya itu lagi dan ybs tidak ada solusi lain selain bypas pompa. Tidak adakah petugas lain yang bisa bantu ya untuk case ini?;admin pdam mati tanggal gin call pdam surabaya ada tugas tugas sikeras tekan pompa ga tandon kanan kiri gali pipa hitam sambung dalam sedang call pdam tugas yang sangkut tidak solusi bypas pompa tidak ada tugas bantu kasus;Pemasangan;0.0869610042868608
Pindah meter ini utk ke kanan/kiri/depan/belakang? Selama itu kurang dari 3 Meter kah?;pindah meter kanan kiri depan belakang meter;Meteran (Macet/Bermasalah);0.27678006355406
