post_shortcode;final_data;kalimat
DFKccJJPeW_;pasang tidak lanjut survey kata komplain layan langgan whatsapp sedang whatsapp tidak tanggap;['kata', 'komplain', 'sedang', 'survey', 'tanggap', 'tidak', 'whatsapp']
DFKccJJPeW_;komplain biasa an aduh serba bayar kan ga percaya perintah;['aduh', 'an', 'bayar', 'biasa', 'ga', 'kan', 'komplain', 'perintah']
DFKccJJPeW_;admin keran pdam rusak adu ke siapa;['adu', 'ke', 'keran', 'rusak']
DFKccJJPeW_;denda pdam lambat kalah pinjol parah;['denda', 'kalah', 'lambat', 'parah', 'pinjol']
DFKccJJPeW_;air pagi jam sore mati;['jam', 'mati', 'pagi', 'sore']
DFKccJJPeW_;si hubung layan adu hampir minggu tidak tindak;['adu', 'hampir', 'hubung', 'layan', 'minggu', 'si', 'tindak']
DFKccJJPeW_;air pdam daerah jemurwonosari pagi mati sore keluar kecil kotor cek;['cek', 'jemurwonosari', 'kecil', 'keluar', 'kotor', 'pagi', 'sore']
DFKccJJPeW_;tenggumung wetan gang garuda mati tindak lanjut;['dukuh', 'guna', 'kata', 'lurah', 'meter', 'pdam', 'remaja', 'resmi', 'rumah', 'tanggal', 'tugas']
DFKccJJPeW_;pdam tidak keluar air setro utara;['pdam']
DFKccJJPeW_;tugas pdam rumah tidak guna seragam resmi pdam kata remaja meter lurah dukuh tanggal;['air', 'alir', 'malam']
DFKccJJPeW_;pdam;['barusan', 'cek', 'daerah', 'jam', 'kebraon', 'lapang', 'tugas']
DFKccJJPeW_;halo kak selamat malam maaf ganggu keluh kait alir air pdam wilayah daerah putih makam blk nya air alir malam pagi hingga sore tidak alir air sulit aktivitas rumah tangga tekan air masuk rumah kecil lupa tutup katup pipa air tandon sedot habis duga sistem distribusi air lingkung guna skema seri bukan paralel sebab alir air tidak stabil tidak sedia jam;['setro', 'utara']
DFKccJJPeW_;barusan jam air mati daerah kebraon tugas cek lapang;['air', 'cek', 'daerah', 'kasih', 'kotor', 'maaf', 'surabaya', 'tandon', 'terima', 'wiyung']
DFKccJJPeW_;cek setro utara air kecil tandon tidak isi tindak lanjut terimakasih setro utara;['m']
DFKccJJPeW_;maaf air pdam daerah surabaya wiyung kotor sminggu cek tandon stok air terima kasih;['kalijudan', 'keluar']
DFKccJJPeW_;halo pakai m tagih m kak;['bisa', 'catat', 'cepat', 'di', 'ga', 'kasih', 'ku', 'lapor', 'meter', 'nomor', 'respon', 'tagih', 'telepon', 'woi']
DFKccJJPeW_;air kalijudan mati keluar;['bingung', 'tugas']
DFKccJJPeW_;lapor pdam kasih nomor catat meter di telepon ga bisa woi tagih ku tidak meter cepat respon;['ijin', 'tugas']
DFKccJJPeW_;tugas bbrpa bingung;['gara', 'golong', 'tarif', 'tetangga']
DFKccJJPeW_;tugas pdam ijin tugas aman;['air', 'hasil', 'layak', 'masak', 'minum', 'tidak']
DFKccJJPeW_;pdam tarif golong ubah tetangga tarif golong nya kos rumah pribadi ga salur air tetangga rumah ga malah loh pintu tulis keluarga miskin perintah gara gara tarif pdam bulan ngirit pakai air nya;['buko', 'ga', 'gading', 'kapas', 'kuat', 'madya', 'maghrib', 'makane', 'mancur', 'nyemprot', 'rusak', 'sakben', 'sanyomu']
DFKccJJPeW_;air pdam kotor tidak treatment masak usaha daerah air minum jangan air nya minum mandi tidak layak dpasang filter micron tidak hasil;['tagih']
DFKccJJPeW_;sakben maghrib air buko makane ga mancur sanyomu rusak tidak kuat nyemprot kapas gading madya;['lonjak', 'tagih']
DFKccJJPeW_;ngajuin surat berat tagih januari tidak tanggap tagih gara meter pdam rusak langgan bayar lebih tagih kelas usaha daerah tidak profesional gin;['parah']
DFKccJJPeW_;tagih air lonjak;['ada', 'cuman', 'tagih']
DFKccJJPeW_;pagi air tidak keluar parah parah;['akal', 'harga', 'kampung', 'kelas', 'masuk', 'naik', 'pindah', 'untung', 'usaha']
DFKccJJPeW_;pdam ga waras tagih raya drastis tugas salah nyatat tulis gilak tagih gila bicara sembarang rumah isi cuman tidak ada bocor tidak ada kolam renang air cuman pakai mandi saka cuci baju tagih mei gils;['aja', 'ajak', 'ketemu', 'sido']
DFKccJJPeW_;tagih tidak masuk akal kelas tarif pindah informasi ga naik harga pdam harga masuk usaha kecil kampung untung;['ribu']
DFKccJJPeW_;sido tidak ajak ngopi ketemu q bah orie bah gakmbulet sikat aja prei ruwet;['alir', 'datang', 'kantor', 'lanjut', 'mojo', 'tindak']
DFKccJJPeW_;pdam februari lonjak admin normal ribu an cek hampir ribu mohon bantu info;['lanjut', 'mohon', 'tindak']
DFKccJJPeW_;alir air mojo tindak lanjut datang kantor;['a', 'kamar', 'kost']
DFKccJJPeW_;air pdam wilayah utara surabaya setro utara sulit alir kecil tl;['biaya', 'retribusi']
DFKccJJPeW_;mohon tindak lanjut;['baik', 'bayar', 'ga', 'kadang', 'kecil', 'keluar', 'rumah', 'ta']
DFKccJJPeW_;hubung biar jelas bayar biaya ganti stop keran ktanya nunggu tugas cerah nya admin;['meter']
DFKccJJPeW_;pemberitahuan resmi memang atur kost kamar kena tarif a akal tugas kost hasil gitutrs ganti ake a kamar bukan kamar;['ecek', 'ganti', 'halo', 'januari', 'kak', 'komplain', 'lapang', 'lapor', 'meter', 'rusak', 'sini', 'tanggal', 'tugas', 'x']
DFKccJJPeW_;biaya retribusi;['alih', 'aplikasi', 'call', 'center', 'langgan', 'layan', 'respon', 'tidak', 'via']
DGPt1Dkvz64;baik ta air keluar rumah kecil kadang ga hidup bayar;['golong', 'ubah']
DGPt1Dkvz64;aju ganti meter meter rumah tinggal macetrusak tanggal januari tindak adu pm tagih januari meter tagih februari meter awal meter lapor meter macetrusak catat meter ubah ubah;['alhamdulillah', 'bukti', 'ganti', 'harap', 'meter', 'rungkut', 'sore', 'tanggal', 'terima']
DGPt1Dkvz64;halo kak komplain sini lapor meter rusak tanggal januari tugas lapang x ecek meter ganti;['benowo', 'kak', 'lurah']
DGPt1Dkvz64;informasi admin adu langgan loh via aplikasi respon pesan tidak respon alih call center tlpwa whatsapp tidak layan chat layan langgan;['alir', 'dukuh', 'gorong', 'kak', 'kerja', 'kupang', 'parah', 'semenjak', 'tagih', 'warga']
DGPt1Dkvz64;langgan an nya mustiani wikanti pulo wonokromo wetan golong tarifny ubah ubah a golong tarifny ubah ubah a ubah diberitahu tua enak rubah berat loh alas rubah tugas keliling meter bilang rumah buat kost alas harap kembali golong tarif terima kasih;['agak', 'baca', 'embun', 'ganti', 'kualitas', 'meter', 'sulit']
DGPt1Dkvz64;alhamdulillah sore tanggal rumah daerah rungkut tanggal harap ganti meter terima bukti ganti meter terima kasih;['agak', 'angka', 'bohong', 'ganti', 'meter', 'tugas']
DGPt1Dkvz64;lurah benowo kak;['bulak', 'lurah']
DGPt1Dkvz64;kak warga dukuh kupang pdam alir kecil ga semenjak kerja gorong kampus parah air alir nya tagih;['coklat', 'kak', 'keruh', 'warna']
DGPt1Dkvz64;meter merk onda embun agak sulit baca meter bahan kualitas mangapa ganti;['air', 'jam', 'kosong', 'm', 'normal', 'pagi', 'rusak', 'tempat', 'tidak']
DGPt1Dkvz64;kunjung x tugas pdam kata meter ganti tugas titip pesan bukan isu bohong kan tugas omon omon ga duli ganti silah tidak ganti tidak apa meter air lancar agak embun angka sulit baca bayar aor murah;['bayar', 'lonjak', 'macet', 'masak', 'meter', 'rusak', 'tagih', 'tindak', 'wajar', 'x']
DGPt1Dkvz64;lurah bulak tidak;['adu', 'bengkak', 'ga', 'habis', 'ratus', 'respon', 'tagih', 'tahun']
DGPt1Dkvz64;soreair daerah pandegiling keruh warna coklat kak feb;['busa', 'kutorejo', 'warna']
DGPt1Dkvz64;omong kosong tempat jam pagi jam air tidak normal tidak keluar meter rusak ambil huni rumah tidak fair air pdam m;['alir', 'baik', 'informasi', 'kebraon', 'siang', 'tidak']
DGPt1Dkvz64;meter ganti air macet bayar bayar lonjak tagih tidak wajar meter rusak masak x tagih mohon tindak lanj;['bayar', 'gratis', 'meter']
DGPt1Dkvz64;admin adu tidak respon tagih tiba tiba bengkak tahun ga air habis ratus;['alir', 'daerah', 'dukuh', 'kecil', 'kupang', 'maaf', 'memang', 'nya', 'timur']
DGPt1Dkvz64;daerah kutorejo pacet busa air warna susu;['sambikerep']
DGPt1Dkvz64;informasi mair sekitar kebraon siang tidak alir ya apakah baik;['kasih', 'ok', 'terima']
DGPt1Dkvz64;anti meter pdam gratis bayar;['dinoyo', 'kecil', 'lurah']
DGPt1Dkvz64;maaf memang daerah dukuh kupang timur alir nya kecil;['air', 'ga', 'meter', 'rumah']
DGPt1Dkvz64;sambikerep tidak;['barusan', 'cek', 'daerah', 'jam', 'kebraon', 'lapang', 'tugas']
DGPt1Dkvz64;ok terima kasih;['banget', 'bayar', 'drastis', 'hampir', 'harga', 'isi', 'kena', 'naik', 'rumah']
DGPt1Dkvz64;wil dinoyo lurah keputran air keluarny kecil;['aju', 'di', 'survey', 'tindak']
DGPt1Dkvz64;meter air rumah ga;['aju', 'area', 'meter', 'remaja', 'siwalankerto']
DGPt1Dkvz64;barusan jam air mati daerah kebraon tugas cek lapang;['air', 'alir', 'deras', 'dirmh', 'kecil', 'tinjau', 'uang', 'wonokromo']
DGPt1Dkvz64;admin air rumah bayar drastis banget rumah keluar air malam isi rumah kena nya an tidak semalem bayar kena hampir naik harga tidak informasi;['air', 'mati']
DGPt1Dkvz64;aju di survey tidak tindak;['buko', 'ga', 'gading', 'kapas', 'kuat', 'madya', 'maghrib', 'makane', 'mancur', 'nyemprot', 'rusak', 'sakben', 'sanyomu']
DGPt1Dkvz64;area siwalankerto aju remaja meter;['ganti', 'meter', 'parah', 'rumah', 'semenjak', 'sih', 'tagih', 'x']
DGPt1Dkvz64;air dirmh kluarnya kecil deras uang alir dompet tinjau air kecil wonokromo;['air', 'kadang', 'keluar', 'pagi']
DGPt1Dkvz64;air ton mati;['kebraon', 'woi']
DGPt1Dkvz64;sakben maghrib air buko makane ga mancur sanyomu rusak tidak kuat nyemprot kapas gading madya;['air', 'kalikendal', 'keluar', 'lanjut', 'lurah', 'malam', 'pelan', 'pradah', 'tindak']
DGPt1Dkvz64;semenjak meter ganti tagih air rumah x lipat parah sih;['air', 'area', 'baik', 'bulak', 'cek', 'keruh', 'kualitas', 'nya']
DGPt1Dkvz64;sore mohon informasi air rumah keluar nya kecil kadang mati keluar air malam pagi pagi tidak keluar air;['alir', 'ganggu', 'wonocolo']
DGPt1Dkvz64;kebraon mati air woi;['balas', 'biaya', 'bocor', 'kena', 'klumprik', 'perum', 'sambung', 'siang']
DGPt1Dkvz64;admin daerah lurah pradah kalikendal air mati keluar air malam air pelan tindak lanjut;['alir', 'daerah', 'datang', 'ditindaklanjuti', 'kantor', 'lancar', 'mojo']
DGPt1Dkvz64;area bulak cumpat air nya keruh admin cek baik kualitas air;['aju', 'berat', 'guna', 'januari', 'meter', 'pdam', 'rusak', 'surat', 'tagih', 'tanggap', 'tidak']
DGPt1Dkvz64;hallo admin ganggu alir air daerah wonocolo;['ganti', 'meter', 'tagih']
DGPt1Dkvz64;siang admin ganti meter air sambung bocor kena biaya tetga bocor bayar rbu inid perum pondok maritim balas klumprik;['air', 'aja', 'bayar', 'hari', 'kota', 'malam', 'mati']
DGPt1Dkvz64;alir air daerah mojo tidak lancar ditindaklanjuti kantor datang;['aju', 'pilih']
DGPt1Dkvz64;aju surat berat tagih januari meter pdam rusak tidak tanggap meter pdam rusak langgan bayar tagihannyapadahal air guna tidak tagih;['barat', 'ga', 'lurah', 'perak', 'yah']
DGPt1Dkvz64;ganti meter tagih;['call', 'center', 'hubung', 'kali', 'kata', 'kirim', 'lapang', 'pdam', 'so', 'surat']
DGPt1Dkvz64;air mati hari malam aja kota air mati bayar;['baik', 'cantik', 'informasi', 'medok', 'pagi', 'selamat', 'wilayah']
DGPt1Dkvz64;aju pilih;['rungkut']
DGPt1Dkvz64;lurah perak barat ga yah admin;['kira']
DGPt1Dkvz64;kirim surat komplen manajer kaliam arah spv agus kata kerja dihubjngi kali kali feedbacknya ga hubung lapang pdam pergi meter telepon call center pdam surabaya so;['layan', 'mantap']
DGPt1Dkvz64;selamat pagi mhon informasi wilayah medok cantik baik nggekok air mati;['mantap', 'pdam']
DGPt1Dkvz64;rungkut tidak admin;['air', 'dalam']
DGPt1Dkvz64;admin alir air daerah kejawan mati total lanjut kira kira dampak remaja besar kejawan tidak list;['baik', 'bocor', 'informasi', 'keran', 'meter', 'mohon', 'penuh']
DGPt1Dkvz64;layan mantap;['admin', 'bulak', 'camat', 'daerah', 'ga', 'keruh', 'masak', 'pakai']
DGPt1Dkvz64;mantap pdam;['keruh', 'malam']
DGPt1Dkvz64;air dalam keruhhampir air beras;['hari', 'kencang', 'kerja', 'meter', 'rumah', 'sih', 'tagih']
DGPt1Dkvz64;mohon informasi keran meter bocor tidak diputardibuka penuh baik;['atas', 'dirmh', 'ganti', 'keran', 'stop', 'usia']
DGPt1Dkvz64;daerah camat bulak admin air keruh banger ga pakai masak korah admin;['alir', 'baik', 'candi']
DGPt1Dkvz64;air kedungdoro keruh malam;['keruh', 'kotor', 'sore', 'wonokromo']
DGPt1Dkvz64;rumah tagih hun hari kerja semuakran mati meter muternya kencang sih;['air', 'ga', 'layak', 'pakai', 'tegalsari']
DGPt1Dkvz64;admin stop keran dirmh aus usia atas th ganti;['ditindaklanjuti', 'ijin', 'info', 'keruh', 'lurah', 'mohon', 'ngagel', 'pagi', 'rejo', 'terimakasih']
DGPt1Dkvz64;baik daerah candi lempung tidak alir;['keruh']
DGPt1Dkvz64;air wonokromo kotor keruh dar sore;['bayar', 'h', 'masuk']
DGPt1Dkvz64;daerah tegalsari air pdam ga layak pakai air sungai inisekarang mati;['kotor', 'manyar', 'nya']
DGPt1Dkvz64;mohon ijin info pagi air pdam daerah kru lurah ngagel rejo keruh pekat mohon ditindaklanjuti terimakasih;['assalamualaikum', 'jambang']
DGPt1Dkvz64;air keruh;['keran', 'pdam', 'putar', 'rp', 'stop', 'usia']
DGPt1Dkvz64;ganti meter bayar vja indomart stlah bayar via indomart katae h masuk stlah h masuk jadwal kunjunganluama air bocor deras nanggu milik rumah skali proses;['ketintang']
DGPt1Dkvz64;admin manyar sabrangan air nya kotor;['benowo']
DGPt1Dkvz64;assalamualaikum admin jambang bibis air mati;['kadang', 'kendala']
DGPt1Dkvz64;stop keran pdam rusak usia meter pdam putar pakai rugi whatsapp pdam surabaya baik stop keran kena biaya rp bayar;['baik', 'perak', 'wilayah']
DGPt1Dkvz64;ketintang air mati;['jaya']
DGPt1Dkvz64;lurah wonorejo rungkut admin;['adu', 'call', 'halo', 'malam', 'nomor', 'operator', 'respon', 'sibuk', 'slow', 'solusi', 'tempat', 'whatsapp']
DGPt1Dkvz64;benowo admin;['bocor', 'keran', 'meter']
DGPt1Dkvz64;baik pipa bocor made air kadang alir kecil kadang ga keluar admin kendala;['agak', 'air', 'keruh', 'mungkin', 'nya', 'remaja', 'salur']
DGPt1Dkvz64;wonocolo tidak gratis;['pilih', 'whatsapp']
DGPt1Dkvz64;wilayah tanjung perak baik;['ku', 'lurah', 'meter', 'remaja', 'sambikerep']
DGPt1Dkvz64;putat jaya tidak;['selatan', 'teman']
DGPt1Dkvz64;halo whatsapp slow respon nomor call centernya operator sibuk air tempat mati malam solusi adu;['baratajaya', 'lurah']
DGPt1Dkvz64;keran meter bocor;['area', 'kalikendal', 'masuk', 'pradah', 'remaja']
DGPt1Dkvz64;air nya agak keruh mungkin remaja salur air pdam kaj;['dukuh', 'pakis']
DGPt1Dkvz64;admin whatsapp menu pilih;['lurah', 'tidak']
DGPt1Dkvz64;lurah sambikerep admin meter ku remaja;['sidotopo']
DGPt1Dkvz64;tunggu area surabaya selatan teman teman;['candi', 'gang', 'informasi', 'mem', 'tempat']
DGPt1Dkvz64;lurah baratajaya tidak;['belakang', 'ga', 'meter', 'remaja', 'wilayah']
DGPt1Dkvz64;pradah kalikendal tidak masuk area remaja admin;['buram', 'embun', 'ga', 'kaca', 'lurah', 'yah']
DGPt1Dkvz64;dukuh pakis tidak admin;['cara', 'dapat', 'meter']
DGPt1Dkvz64;lurah morokrembangan tidak;['kantor', 'lapor']
DGPt1Dkvz64;sidotopo tidak admin;['air', 'ga', 'pdam', 'perlu', 'salur', 'sumur']
DGPt1Dkvz64;informasi air tempat mati kemarenarea mem bandarejo gang candi;['admin', 'informasi', 'nya']
DGPt1Dkvz64;wilayah pandaan belakang masjid chengho ga remaja meter air;['jalan', 'meter', 'naik', 'posisi']
DGPt1Dkvz64;yah lurah ga admin kaca embun buram;['gang', 'meter', 'muka', 'setro', 'susah', 'tanah']
DGPt1Dkvz64;cara admin dapat tembak meter air;['aja']
DGPt1Dkvz64;lapor kantor ditanggapin admin;['lurah']
DGPt1Dkvz64;pdam ga keluar ganti air salur air sumur ga perlu pakai pdam ga mandi air;['busa', 'kutorejo']
DGPt1Dkvz64;informasi lowong nya admin;['a', 'kamar', 'kost']
DGPt1Dkvz64;naik meter air posisi rendah jalan admin;['bayar', 'ganti', 'jawab', 'kali', 'katup', 'keran', 'kubik', 'meter', 'rumah', 'solusi', 'surabaya', 'suruh', 'tanggung', 'tidak', 'wajar', 'wilayah', 'x']
DGPt1Dkvz64;daerah setro gang meter air muka tanah pavingisasi gelap susah kece;['buat', 'golong', 'kan', 'kos', 'lantai', 'tarif', 'tetangga', 'tidak', 'ubah', 'ujung']
DGPt1Dkvz64;lurah simolawang air pdam mati malam aja adu aja ga ubah bayar;['promo', 'wilayah']
DGPt1Dkvz64;lurah sukomanunggal;['daftar', 'guna', 'kak', 'nunggu', 'pasang']
DGPt1Dkvz64;pdam daerah kutorejo busa admin;['pipa', 'rumah']
DGPt1Dkvz64;air disidosermo baik tempat alir nya kecil siang deras pelan putar meter air isi tandon lambat;['admin', 'daftar', 'kantor']
DGPt1Dkvz64;pemberitahuan resmi memang atur kost kamar kena tarif a akal tugas kost hasil gitutrs ganti a kamar bukan kamar;['daftar', 'ga', 'kak', 'lapor', 'pasang', 'syarat', 'whatsapp']
DGPt1Dkvz64;tidak wilayah surabaya rumah kali complain volume kubik tidak wajar solusi x suruh ganti keran katup bayar meter air masalah tanggung jawab pdam pel;['biaya', 'listrik', 'watt']
DGPt1Dkvz64;tarif golong pas ubah tarif ubah rumah tulis keluarga miskin perintah lantai tanah rumah tidak lantai tidak buat kos kontra tetangga tarif golong itu pun buat kos kontrak kan tidak lapor pdam ujung ujung tugas kemari cek suruh ganti meter bayar tidak murah cek tugas keliling meter sih ubah kan bayar nya mahal paling kena tetangga kena daerah tambak asri notaben banyak tarif golong;['bayar', 'laku', 'pasang']
DGPt1Dkvz64;bayar hutang;['diskon', 'meter', 'pipa']
DGPt1Dkvz64;bayar ganti meter air hilangtapi tidak pasang alas stop keran nya kosongdan kira tidak taudisuruh beli sendirisudah bayar denda meter hilang mahal suruh beli stop keran sendirigmn layan;['biaya', 'bukan', 'maaf', 'psb', 'watt']
DFxD1EJP3Fi;admin wilayah sidoarjo promo;['cara', 'karena', 'kontrak', 'rumah']
DFxD1EJP3Fi;daftar nunggu kak pasang guna;['alir', 'daerah', 'datang', 'ditindaklanjuti', 'kantor', 'mojo']
DFxD1EJP3Fi;rumah pipa admin;['admin', 'bocor', 'ga', 'rumah']
DFxD1EJP3Fi;admin daftar kantor admin;['call', 'center', 'daftar', 'data', 'konfirmasi', 'lengkap', 'nunggu', 'proses', 'uda', 'whatsapp']
DFxD1EJP3Fi;admin kalau syarat tidak lengkap admin;['admin', 'rumah', 'tidak']
DFxD1EJP3Fi;lapor by whatsapp pdam ga kak daftar kurang syarat pasang;['daya', 'diskon', 'harga', 'jelas', 'listrik', 'mohon', 'watt']
DFxD1EJP3Fi;admin listrik watt biaya yh jt;['ganti', 'pasang', 'tanggap']
DFxD1EJP3Fi;pasang laku bayar;['bangun', 'kan', 'listrik', 'rumah']
DFxD1EJP3Fi;diskon pipa meter;['aju', 'minn', 'survey']
DFxD1EJP3Fi;maaf admin psb watt biaya bukan;['depan', 'meter', 'pindah', 'rumah']
DFxD1EJP3Fi;admin kontrak rumah pasang pdam cara gimana karena rumah kontrak waris;['area', 'daerah', 'laku', 'surabaya']
DFxD1EJP3Fi;daerah mojo ditindaklanjuti tidak air alir datang kantor;['benar', 'biaya', 'daya', 'listrik', 'maaf', 'psb', 'watt']
DFxD1EJP3Fi;admin air rumah ga takut bocor admin;['area', 'diskon']
DFxD1EJP3Fi;admin uda daftar data lengkap proses nunggu konfirmasi whatsapp call center;['beda', 'nama']
DFxD1EJP3Fi;admin rumah sertifikasi tidak admin;['bayar', 'gojek', 'grab']
DFxD1EJP3Fi;daya listrik watt harga diskon mohon jelas;['daftar', 'nya', 'proses']
DFxD1EJP3Fi;agustus tanggap pasang ganti admin;['keluar', 'pagi', 'tidak']
DFxD1EJP3Fi;kan bangun rumah listrik nyaapa;['gunung', 'kecil', 'keluar', 'simo']
DFxD1EJP3Fi;survey minn aju;['nya', 'simolangit']
DFxD1EJP3Fi;maaf admin pindah meter kena biaya meter air depan rumah pindah ke rumah ku jarak meter;['keren']
DFxD1EJP3Fi;laku area surabaya daerah admin;['lingkung']
DFxD1EJP3Fi;maaf admin benar psb daya listrik watt biaya;['april', 'beri', 'tindak']
DFxD1EJP3Fi;area bekas diskon admin;['babatan', 'bantu', 'bayar', 'bocor', 'ditindaklanjuti', 'ganti', 'halo', 'keran', 'tugas', 'warga']
DFxD1EJP3Fi;nama milik tanah pasang pdam beda nama;['air', 'bau', 'keruh', 'mahal', 'sumur']
DFxD1EJP3Fi;bayar pdam gojek grab tidak;['bukan', 'juta', 'maaf', 'popok', 'tahun']
DFxD1EJP3Fi;admin daftar proses pemasangannunggu nya;['kalijudan', 'kecil', 'nya']
DJoUCilzmRD;tambakwedi tidak keluar air pagi;['jambang', 'keruh']
DJoUCilzmRD;daerah simo gunung air kecil tidak keluar;['ganti', 'lingkung', 'pakai', 'popok', 'ulang']
DJoUCilzmRD;simolangit tidak air nya pdam;['kosong']
DJk7cyfvtmd;keren;['admin', 'informasi', 'pdam']
DJk7cyfvtmd;duta lingkung;['buka', 'info', 'mei', 'tanggal']
DJk7cyfvtmd;halo selamat siang kak admin pdam adu april pesan beri tindak nihh beri tindak lanjut april komen tulis mei tindak loh mohon;['buka', 'kak', 'maaf', 'mei', 'tanggal']
DJk7cyfvtmd;halo admin pdam warga babatan pratama bayar ganti keran air bocor tugas bantu ditindaklanjuti;['alir', 'gunungsari', 'indah', 'jam', 'kasih', 'mohon', 'normal', 'rumah', 'terima']
DJk7cyfvtmd;air pdam surabaya pusat punya keruh air sumur bayar mahal air keruh bau;['surabaya', 'utara']
DJk7cyfvtmd;maaf juta popok bukan tahun;['surabaya', 'utara']
DJk7cyfvtmd;admin kalijudan air nya kecil;['lokasi', 'nya']
DJk7cyfvtmd;air pdam kebonsari jambang keruh;['hapus']
DJk7cyfvtmd;yuk ganti popok pakai ulang balut ramah lingkung;['cek', 'cuman', 'kualitas', 'mampu', 'perhati', 'perlu', 'untung']
DJghFuvvdvl;kosong;[]
DJgJ2sBPAq6;informasi loker pdam admin;['aamiin', 'alhamdulillah', 'cinta', 'kota', 'moga']
DJfuXOGvhrE;info buka tanggal mei admin;['bayar', 'bu', 'hutang', 'si', 'suruh']
DJfuXOGvhrE;maaf buka tanggal mei kak;['halo', 'operator', 'telepon']
DJdbiYpvPUE;air pdam rumah gunungsari indah alir normal jam mohon direspon terima kasih;['bagus', 'informasi']
DJdbiYpvPUE;surabaya utara tidak air;['promo']
DJdbiYpvPUE;surabaya utara;['bayar', 'kali', 'ke', 'lapor', 'rumah', 'tidak']
DJb9f1uTyr7;lokasi nya admin;['admin', 'april', 'cek', 'halo', 'kak', 'keluh', 'kirim', 'lanjut', 'mohon', 'nya', 'pesan', 'surabaya', 'tindak']
DJb9f1uTyr7;komen hapus cek pdam daerah simolangit tidak air hapus komentar lapor whatsapp tidak hirau;['kelas']
DJb9f1uTyr7;kualitas air perlu cek dikontroljangan cuman cek meter sajadan cari untung gede perhati mampu konsumen;['siwalankerto']
DJbPX8JTxnj;sua sanctitas;['maaf']
DJY9xS-vXAi;alhamdulillah moga menang kota cinta menang aamiin;['ga', 'habis', 'lihat', 'meter', 'rumah']
DJY9xS-vXAi;bu si suruh bayar hutang pinjolnya;['kaporit', 'ulang']
DJVj-OHvVeW;telepon bebas pulsa suara tidak dengar operator pdam hola halo hola halo;['selamat']
DJTHmG9vK0l;bagus informasi;['sembada', 'sukses', 'surya']
DJRSsnqSSrg;aplikasi cis tidak promo;['kota', 'selamat', 'sembada', 'surabaya', 'surya']
DJRSsnqSSrg;bayar duluan tanggal sabar;['bu', 'buron', 'hutang', 'pinjol', 'suruh']
DJRSsnqSSrg;apa promo kak;['pam', 'semangat', 'tukang']
DJRSsnqSSrg;alfamart tidak ada diskon kakak jarang indomaret;['alhamdulillah', 'all', 'dalam', 'estimasi', 'jam', 'mantap', 'minum', 'pam', 'sembada', 'surabaya', 'surya', 'tukang', 'umum']
DJRSsnqSSrg;tokopedia tidak promo;['mantap']
DJRSsnqSSrg;air tidak bayar krna lapor kali tidak teknisi ke rumah bagimana;['indah']
DJQZhqjyen_;mati rawat surabaya;['beri', 'halo', 'kak', 'mohon', 'pesan', 'tanggap', 'terimakasih']
DJQZhqjyen_;halo admin pdam surabaya kirim keluh april tindak lanjut mohon cek pesan nya kak admin;['babatan', 'daerah', 'dampak', 'hari', 'kena', 'kenjeran']
DJLw67TTb4r;kelas;['malam', 'tidak']
DJLkU5rPlnq;admin adu ganti meter hingga kerja tanggap;['halo', 'kak', 'pesan', 'tanggap']
DJJFAbBv-Bi;siwalankerto mati air;['air', 'angsu', 'gara', 'keluar', 'loh', 'ngagel']
DJJFAbBv-Bi;daerah panjangjiwo mati kak;['admin', 'alir', 'babatan', 'ga']
DJFCPdOzNoA;semangat;['cantik', 'mbak']
DJFCPdOzNoA;semangat rekan moga sukses;['kadang', 'sidotopo']
DJFCPdOzNoA;daerah kenjeran siang tidak keluar admin malam keluar hampir minggu;['kota', 'semangat', 'surabaya']
DJEE_FMzMr9;langgan an nya mustiani wikanti pulo wonokromo wetan golong tarifny ubah ubah a ubah diberitahu tua enak rubah berat loh alas rubah tugas keliling meter bilang rumah buat kost alas harap kembali golong tarif terima kasih;['alih', 'pesan', 'respon', 'slow', 'telepon']
DJEE_FMzMr9;maaf;['baca', 'call', 'center', 'hari', 'hubung', 'nya', 'pesan', 'sibuk', 'sulit']
DJEE_FMzMr9;meter air rumah ga lihat habis meter;['respon', 'slow']
DJDp0SqvUcy;mantap;['alhamdulillah', 'baik', 'guna', 'layan', 'masyarakat', 'moga']
DJBpf9ATgbC;halo admin pesan tanggap ga action pdam smpe skrng;['bulak', 'minggu', 'nya', 'rukem', 'susah', 'timur']
DJBpf9ATgbC;admin rang kaporit daerah rungkut air bau kaporit masak beli isi ulang admin tindak lanjut;['bantu', 'beri', 'halo', 'keluh', 'mohon', 'pagi', 'pesan', 'selamat', 'terimakasih', 'tindak']
DJBfhNGvM8d;alhmdulillah selamat;['kantor', 'rungkut']
DJBfhNGvM8d;alhamdulillah;['daerah', 'malam', 'mati', 'tempat']
DJBfhNGvM8d;sukses surya sembada;['bos', 'gang', 'kalijudan', 'keluar', 'ku', 'malam', 'subuh']
DJBfhNGvM8d;selamat pdam surya sembada kota surabaya;['info', 'pagi', 'simo']
DJBfhNGvM8d;cek area jemurwonosari air kotor pagi siang malam mati jam pagi tidak keluar siang keluar dikit itu pun jam an malam jam keluar dikit;['daerah', 'debit', 'kecil', 'siring', 'tapak']
DJBfhNGvM8d;bu suruh suruh bayar hutang buron pinjol;['mati', 'usaha']
DJBAw3TT2Tx;tekan air daerah dukuh pakis kecil admin;['manyar']
DJBAw3TT2Tx;halo kak admin pesan tanggap mohon tanggap;['gali', 'jaman', 'pas', 'tapi']
DI6pjZqTEGs;semangat tukang pam;['alir', 'dampak', 'laku', 'rencana', 'wilayah']
DI6pjZqTEGs;alhamdulillah mantap umum estimasi kerja jam selesai dalam jam mantap semangat all team tukang pam surabaya perumda air minum surya sembada surabaya;['daerah', 'ga', 'hari', 'keluar', 'kenjeran']
DI6pjZqTEGs;mantap;['kampung', 'retribusi']
DI6pjZqTEGs;mulyo indah grup;['ubah']
DI6pjZqTEGs;rencana efektif kolaboratif kunci sukses good job teman teman moga layan baik langgan cinta;['nama', 'nya', 'surat', 'tanah', 'tua']
DI6pjZqTEGs;semangat pdam;['jelas', 'nya']
DI6pjZqTEGs;selamat semangat mbak cantik mas nya sehat sehat;['alir', 'dukuh', 'kecil', 'keluar', 'kupang', 'nya', 'wilayah']
DI6pjZqTEGs;halo kak admin pesan mohon beri tanggap terimakasih;['alir', 'bayar', 'daerah', 'ga', 'keluar', 'nya', 'simolangit']
DI6pjZqTEGs;daerah kenjeran babatan pantai kena dampak mati hari air;['angsu', 'bocor', 'debit', 'kecil', 'kerja', 'pipa', 'siring', 'suka', 'tapak']
DI6pjZqTEGs;gubeng tidak malam;['cuman', 'gin', 'pernah', 'rumah', 'solusi']
DI6pjZqTEGs;pdam baca pesan;['kak', 'pam', 'sistem']
DI6pjZqTEGs;halo kak admin pesan ikan tanggap;['aplikasi', 'ganggu', 'informasi']
DI6pjZqTEGs;astaga angsu air loh gara air tidak naiksementara air keluar daerah residen sudirman ngagel;['akal', 'angka', 'aplikasi', 'berat', 'data', 'kalah', 'keluh', 'masuk', 'tidak', 'unggah']
DI6pjZqTEGs;admin babatan labansari mulyorejo air ga alir admin;['adu', 'informasi', 'kena', 'mohon']
DI6pjZqTEGs;jalil;['banget', 'keren']
DI6pjZqTEGs;terimakasih informasi salam kompak komunitas informasi masyarakat lurah pucang sewu mitra kerja dinas informasi komunikasi kota surabaya;['keren']
DI6pjZqTEGs;cantik mbak pdam;['alir', 'daerah', 'dukuh', 'kecil', 'pakis', 'tinjau']
DI6pjZqTEGs;area sidotopo ganggu hampir air tidak lancar kadang alir kadang mati hari;['daerah', 'debit', 'halo', 'jalan', 'kecil', 'siring', 'tapak']
DI32szRzFmV;admin bayar pdam gojek grab tidak;['selamat']
DI32szRzFmV;semangat pdam kota surabaya;['admin']
DI32szRzFmV;pesan slow respon telepon alih;['banget', 'keren', 'sembada', 'srikandi', 'surya']
DI32szRzFmV;sulit hubungin pdam air rumah mati sore;['nyala']
DI32szRzFmV;pdam baca pesan hari sulit hubung call center nya sibuk;['mantap', 'srikandi', 'surabaya']
DI32szRzFmV;admin wanya slow respon;['bu', 'keren']
DI2xdiPzKLQ;keren;['selamat']
DI2xdiPzKLQ;alhamdulillah moga layan baik masyarakat guna air;['my']
DI2xdiPzKLQ;kak mohon pasang usaha kak laku bayar indomaret kak bingung nanya lihat progres pasang;['baik', 'memang']
DI2gCFezGUI;bulak rukem timur admin minggu air nya susah;['kasih', 'terima']
DI2gCFezGUI;halo selamat pagi mohon bantu keluh pesan mohon beri tindak terimakasih;['anyar', 'gunung']
DI2gCFezGUI;admin pagi alias subuh hingga jam air rumah ku jalan zamhuri rungkut air keluar debit nya dikit ganggu bosen telepon layan langgan mandi kantor kantor kantor gresik rumah rungkut;['call', 'ngga', 'telepon']
DI2gCFezGUI;admin informasi h air mati;['alir', 'indah', 'kalilom', 'lor']
DI2gCFezGUI;admin tempat daerah kedung cowek air mati malam;['jam']
DI2gCFezGUI;kalijudan gang subuh malam tidak keluar air bos ku;['jam', 'nya', 'padam']
DI2gCFezGUI;mohon info daerah simo sidomulyo kamis pagi jumat pagi air tidak keluar;['banyak', 'daerah', 'klu', 'manuk', 'normal', 'pantau']
DI2gCFezGUI;daerah tapak siring air kecil debit duh;['keluar', 'nyala', 'pantas']
DI2gCFezGUI;kalijudan admin air macet bayare mundak air metue jam bengi isuk awan sore mampet kabeh;['coba', 'dari', 'deh', 'isi', 'lambat']
DI2gCFezGUI;sipp admin usaha mati air tidak;['semangat']
DI2gCFezGUI;lucu perum manyar jaya semenjak kerja gorong manyar indah manyar jaya manyar rejo air pagi pagi malam air mati malam bayang tampung air protes telepon capek heran libur nasional air lancar kayak tetangga sini tidak guna tandon tidak mas semenjak skg air buruk jelek baik pdam;['cantik', 'keren', 'sukses']
DI2gCFezGUI;daerah sidotopo memang tidak alir air air;['pdam', 'sembada', 'surabaya', 'surya']
DI2gCFezGUI;daerah mulyorejoo jaman gali gali selesai airr sulit tapi pas raya air nya lancar jaya;['semangat']
DI2gCFezGUI;laku rencana pikir matang alir air wilayah lurah airlangga alir lancar diskriminasi dampak kostan wilayah;['bak', 'deh', 'kosong', 'mandi', 'nya']
DI2gCFezGUI;daerah kenjeran air ga keluar hari;['kakak', 'sore']
DI2gCFezGUI;siang bulak rukem timur air daerah debit kecil cenderung tidak keluar lapor datang tidak lancar tny kata gali memang keluar selanjunya kecil air keruh;['akeh', 'gara', 'iku', 'isuk', 'korban', 'mari', 'seng']
DI0mYNWT7jJ;pdam tanyak bayar bulan retribusi kampung pakek retribusi adu online retribusi tentu dlh retribusi kampung nak bukan angka kecil bayangin rumah nak kampung rumah;['kira', 'progres', 'update']
DI0mYNWT7jJ;ubah;['loh', 'rumah', 'sama', 'sekali', 'selesai']
DI0mYNWT7jJ;surat tanah nya nama tua;['ga', 'langgan', 'layan', 'respon', 'whatsapp']
DI0mYNWT7jJ;jelas nya;['aduh', 'ga']
DIx63uITVjW;wilayah dukuh kupang air nya alir kecil tidak keluar;['area', 'permai', 'rungkut']
DIx63uITVjW;kenapaa daerah simolangit air nya alir kecilbahkan ga keluar sia bayar pdam;['bak', 'habis', 'mandi', 'selesai']
DIx63uITVjW;pipa bocor dimanadampaknya daerah tapak siring debit kecil angsu suka kasi kerja;['anyar', 'gunung', 'sawah', 'sekolah']
DIx63uITVjW;rumah pagi mati air cuman malam jam tidak pernah gin daerah rumah cuman rumah ganggu air informasi jelas solusi;['anyar', 'ayo', 'gunung']
DIxj3rwTf1o;kak pam nya sistem prabayar kak;['admin', 'air']
DIxj3rwTf1o;nya aplikasi informasi ganggu pdam gali dsbynya aplikasi nya aplikasi informasi ganggu langgan bukan kak;['minn', 'selesai']
DIxj3rwTf1o;aplikasi ribet keluhannapa unggah ktpdena rumah blablablabukannya masuk nopel data terbacalagian keluh batas anehdan berat admint tt tidak masuk akal kalah tunggak bayardan admin tt tidak googlewebnya pdam lainnyalalu angka admint tt darimana sehinggal muncul nominal segitu;['anyar', 'gunung']
DIxj3rwTf1o;mohon informasi adu kena penalti;['anyar', 'gunung', 'mandi', 'mati', 'total']
DIvykK1T0z7;keren banget;['bagus', 'informasi']
DIvykK1T0z7;keren;['bangun', 'bantu', 'bilang', 'juta', 'kakak', 'kampung', 'kanan', 'ku', 'masuk', 'pakek', 'pdam', 'rumah', 'suruh', 'uda', 'utara']
DIvWUI0TYM0;air daerah dukuh pakis kecil tidak alir tinjau;['keluar', 'siwalankerto']
DIvWUI0TYM0;halo daerah jalan tapak siring debit air kecil tidak;['bocor', 'depan', 'foto', 'lapor', 'pdamnya', 'rumah', 'tindak']
DIvWUI0TYM0;sosialisasi visi misi pdam apacoba cek target warga surabaya harap pdam nyala jam pompa air lantai warga surabayajangan skrng rumah gunung anyar pompa air disetro utara pakai pompa air camat tambaksari kawasan milik miskin paling bantu dulukan rumah didahulukankapan pdam penuh target menganalisa dibayartolong hubung terima kasih;['kasih', 'nomor', 'respon', 'suruh', 'whatsapp']
DIvB8m4TVRV;selamat bumiglobeshowingeurope africa;['responnya', 'sama', 'sekali']
DIu5I61PjAN;health talk wanita admin;['masuk', 'responnya']
DIslhvHzw1m;keren banget srikandi surya sembada;['gaada']
DIslhvHzw1m;nyala saudara;['cuman', 'debit', 'kecil', 'sidosermo']
DIslhvHzw1m;mantap srikandi pdam surabaya;['belakang', 'kecil', 'pdk', 'sidosermo']
DIslhvHzw1m;keren bu den sugeng;['adu', 'debit', 'jam', 'kecil', 'keluar', 'lancar', 'lebaran', 'siring', 'skg', 'tapak']
DIslhvHzw1m;selamat kartini;['atas', 'cepat', 'debit', 'gerak', 'jam', 'keluh', 'lonjak', 'mati', 'pagi', 'siang', 'tagih']
DIslhvHzw1m;my deepest admiration for all my kartinis out there;['area', 'ganggu', 'halo', 'kedurus', 'kerja', 'mati', 'total']
DIslhvHzw1m;baik memang;['baik', 'hari', 'kayak']
DIpqWcYTVPK;terima kasih;['datang', 'kantor', 'lanjut', 'tindak']
DIk0fYzPJ66;gunung anyar;['admin']
DIi8Q12vefW;call centre ngga telepon;['cis', 'daerah', 'keluar', 'langgan', 'lapor', 'layan', 'respon', 'rumah', 'sidotopo', 'telepon', 'tidak']
DIiNMuBTe7M;semangat;['a', 'kak', 'kecil', 'pdk', 'sidosermo', 'tempat']
DIiNMuBTe7M;semangat admin konten;['iku', 'subhanallah']
DIhrwRXzY4g;kalilom lor indah delima mli aprilmli alir air;['nya', 'undi']
DIhrwRXzY4g;jam;['maret', 'nya', 'pasang', 'tanggal']
DIhrwRXzY4g;jam padam nya;['pasang']
DIhrwRXzY4g;tanggal air daerah manuk mati tidak nyala klu kecil banyak mati normal pantau daerah manuk normal;['aidzin', 'beri', 'keluarga', 'kerja', 'kumpul', 'lancar', 'mal', 'moga', 'posisi', 'raya', 'sehat', 'tugas', 'walfaizin']
DIgZcPhvJo_;pantas tidak keluar nyala air;['bu', 'ga', 'kali', 'respon', 'sibuk', 'telepon', 'whatsapp']
DIgZcPhvJo_;admin sambikerep mati air ga pemberitahuan pagi wktunya masaksekolahkerja;['aidzin', 'batin', 'lahir', 'lebaran', 'maaf', 'mal', 'mohon', 'selamat']
DIgZcPhvJo_;lambat nyimak coba dari tadi deh isi air admin;['lapor', 'tindak']
DIfy-l5zkBH;semangat;['lontar']
DIfy-l5zkBH;sukses cantik humas keren;['piket', 'semangat', 'tugas']
DIfy-l5zkBH;pdam surya sembada surabaya;['maret', 'tagih']
DIfy-l5zkBH;semangat;['bau', 'nya', 'putih']
DIfy-l5zkBH;barokallah teman semangat sehat;['beda', 'dari', 'golong', 'kata', 'listrik', 'tapi', 'tarif']
DIfy-l5zkBH;air nya bak mandi deh kosong;['allah', 'masya', 'pam', 'sehat', 'sembada', 'surya', 'tabarakallah']
DIfy-l5zkBH;sore kakak;['jaga', 'kawan', 'piket', 'selamat', 'tugas']
DIfy-l5zkBH;mari nggali iku dandan seng nggenah admin isuk akeh korban tibo gara nutup mu mek nggae lemah nggarai dalane lunyu;['batin', 'keluarga', 'korban', 'lahir', 'tugas']
DIfy-l5zkBH;update progres kira kira selesai ga;['aidzin', 'beri', 'keluarga', 'kerja', 'kumpul', 'lancar', 'mal', 'moga', 'posisi', 'raya', 'sehat', 'tugas', 'walfaizin']
DIfy-l5zkBH;selesai air loh tidak sama sekali rumah;['keren']
DIfy-l5zkBH;tlfon layan langgan ga whatsapp layan langgan ga respon air keluar;['allah', 'moga', 'sehat']
DIfy-l5zkBH;aduh ga air;['juang', 'semangat']
DIfy-l5zkBH;area rungkut permai;['beri', 'berkah', 'keluarga', 'moga', 'sehat', 'semangat']
DIfy-l5zkBH;bu jalan kupang gunung barat ivada bocor pipasudah hampir tidak tindak;['allah', 'amin', 'jaga', 'kawan', 'keluarga', 'lindung', 'moga', 'semangat', 'sembada', 'surya']
DIfy-l5zkBH;air bak mandi habis selesai;['berkah', 'kawan']
DIfy-l5zkBH;mati pdam gunung anyar sawah sekolah layar;['film', 'gunung', 'lihat', 'penuh']
DIfy-l5zkBH;ayo semangat kerja air biar cepat keluar;['film', 'nasional', 'selamat']
DIfy-l5zkBH;admin update sore admin;['ayo', 'cis', 'film', 'sahabat', 'undi']
DIfy-l5zkBH;ayo gunung anyar;['mas']
DIfy-l5zkBH;bu suruh suruh bayar hutang buron pinjol;['admin', 'keren']
DIflu2CTPUb;rumah anak yatim amanah ummat umi barokah jalan mastrip warugunung rw warugunung karangpilang surabaya uang dtansfer bri an nur barokah konfirmasi whatsapp;[]
DIflu2CTPUb;forum komunikasi langgan admin;['suka']
DIeLpGJTxyh;air admin;['film', 'nya']
DIeLpGJTxyh;selesai minn;['mati', 'pdam']
DIeLpGJTxyh;gunung anyar admin;['allah', 'masya']
DIeLpGJTxyh;tidak mandi gunung anyar mati total;['allah', 'masya', 'tabarakallah']
DIdragOP-7C;bagus informasi;['jam', 'kalilom', 'lor', 'rumah', 'siang', 'tidak']
DIdragOP-7C;moga kerja cepat selesai admin;['admin', 'gunung', 'jam', 'mati']
DIdragOP-7C;admin bangun rumah surabaya utara bukan kampung padat duduk masang pdam bilang ga masuk rumah pdam nya masuk suruh bayar juta bantu kanan kit kakak ku uda situ pakek pdam;['admin', 'area', 'informasi', 'mati', 'pdam', 'tidak']
DIdragOP-7C;siwalankerto tidak keluar air;['gang', 'wiyung']
DIdragOP-7C;depan rumah bocor pipasampai air keluar terussudah lapor diiyain ajaterus lapor ngecek meter rumah rumahtetap tidak tindak foto pdamnya tindak;['informasi', 'manfaat']
DIdragOP-7C;kasih nomor suruh whatsapp tidak respon;['area', 'informasi', 'kodam', 'nya', 'pemberitahuan']
DIdragOP-7C;tidak responnya sama sekali;['adu', 'atas', 'bantu', 'mohon']
DIdragOP-7C;admin selesai daerah gununganyar air mati;['adu', 'gunungsari', 'halo', 'informasi', 'nyala', 'pemberitahuan', 'via', 'whatsapp']
DIdragOP-7C;ijin info baik gunung anyar normalisasi anda air nya lancar malam keluar itu pun jam pagi macet nunggu air normal;['ga', 'mati', 'pemberitahuan']
DIdragOP-7C;responnya tidak masuk;['admin', 'bikin', 'bisa', 'kodam', 'pemberitahuan']
DIdragOP-7C;gaada air;['buka', 'mohon', 'pesan']
DIdragOP-7C;pantas air ga keluar bingung mandi berak nya bocor;['informasi', 'jelas', 'mati', 'total']
DIaDRGLTxxn;debit air kecil sidosermo cuman netes;['harga', 'kubik', 'm', 'surabaya']
DIaDRGLTxxn;loh debit air sidosermo pdk a kecil rasa belakang kecil lama lama kecil lapor ditindaklanjuti;['air', 'bingung', 'ga', 'kodam']
DIaDRGLTxxn;adu lebaran air jam lancar skg keluar debit kecil daerah tapak siring;['daerah', 'gunungsari']
DIaDRGLTxxn;gerak cepat atas keluh tagih lonjak pagi air pdam mati tidak keluar jam siang kecil debit jam mati sampa;['aplikasi', 'catat', 'cis', 'ga', 'lupa', 'meter']
DIXxRvcvTlX;halo admin area kedurus air mati total ganggu kerja;['lapor']
DITD5lfPhEp;admin hari air tidak torrent baik kayak;['lontar', 'malam', 'pakuwon']
DITD5lfPhEp;admin daerah mojo tidak alir air ta gaada air alir;['adu', 'aju', 'halo', 'mati', 'pdam', 'pesan', 'tanggap', 'whatsapp']
DITD5lfPhEp;tindak lanjut datang kantor;['cek', 'gading', 'jaman', 'main', 'masuk', 'sih', 'tugas']
DITD5lfPhEp;admin s;['ga', 'mati', 'pdam', 'pemberitahuan']
DITD5lfPhEp;siwalankerto tidak keluar sama sekali;['air', 'aktivitas', 'mati', 'nyala', 'pagi', 'pemberitahuan']
DIQxHwLPDto;masya allah tabarakallah selamat tunai ibadah umroh moga allah lindung jalan lancar;['jaya', 'moga']
DIQxHwLPDto;daerah sidotopo air tidak keluar rumah telepon layan langgan lapor cis tidak respon payah;[]
DIQxHwLPDto;sidosermo pdk a air tempat kecil kak;['camat', 'kapas', 'lor', 'madya']
DIQxHwLPDto;daerah dinoyo mati air;['ga', 'heran', 'kebraon', 'loh', 'pakai', 'pernah', 'sama', 'sekali', 'umum']
DIQxHwLPDto;subhanallah koyo iku;['ok']
DIQxHwLPDto;undi nya admin;['admin', 'nyala']
DIOuoiuT-jn;tanyapengajuan pasang tanggal maret disurveytapi tidak kejelasandipasang nya;['bayar', 'ga', 'online']
DIOuoiuT-jn;pasang tidak pasang pasang;[]
DIMA6hdvaDP;posisi moga tugas raya beri sehat lancar kerja kumpul keluarga mal aidzin walfaizin;['jelas', 'kata', 'maaf', 'surabaya']
DIMA6hdvaDP;bu telepon kali sibuk whatsapp ga respon;['malam', 'pakai']
DIMA6hdvaDP;bapakibu ganti stop keran kena biaya rp bayar indomaret tagih pdam non air aplikasi gojek go tagih pdam surabaya non air kode bayar jangka kerja bayar terimakasih;['assalamualaikum', 'manfaat', 'masyarakat', 'moga', 'salam']
DIDJcLGPmBr;mal aidzin wal faidzin mohon maaf lahir batin selamat lebaran ketupat;[]
DIA-kfQPQh3;lapor tindak;['diskon', 'operator', 'pln', 'surabaya', 'tarif']
DIA-kfQPQh3;area kapas madya minmau cek kebocoransoalnya tagih pam bangetpernah adu pdam suruh bongkar salur pipa;['dapat', 'komplain', 'pasang', 'pompa', 'sibuk', 'solusi', 'suruh', 'tandon']
DIA-kfQPQh3;lontar admin;['air', 'alir', 'barat', 'bayar', 'deras', 'kotor', 'maaf', 'mahal', 'surabaya', 'tarif', 'turun']
DH7o04ovNSH;semangat tugas piket;['minum']
DH7o04ovNSH;tagih maret admin;['apa', 'atas', 'bukti', 'gang', 'kecil', 'masuk', 'murah', 'tarif']
DH7o04ovNSH;air pdam nya bau putih;['kak', 'nyala']
DH7IuPWTb7s;tagih bengkak karena beda golong tarif ukur tanah rumah lebar gang sama tapi golonongan tarif beda komplain tangan di suvey lokasi tapi ga rubah golong alas listrik kata padahal dari pasang listrik sekarang dari pln listrik bukti bayar rekening listrik komplain layan langgan kantor pdam ga kasih pnjelasanknp golong tarif pdam beda rumah belah ajak ruang ketemu pimpin pimpin cek juga ga kasih jelas ujung kata sistem kini data kata tarif golong pdam heran kenapa rumah kena kini tidak mungkin bantu jawab;[]
DH4sB3KzNXH;semangat juang jogo air pam surabaya mungkin tugas operator tidak silaturahmi keluarga air panjenengan produksi silaturahmi warga surabaya sehat;['bohong']
DH4sB3KzNXH;masya allah tabarakallah sehat pam surya sembada;['murah', 'tarif', 'turun']
DH4sB3KzNXH;selamat tugas kawan piket jaga;['nya', 'nyata']
DH4sB3KzNXH;semangat sobat pam love you;['aja', 'habis', 'jam', 'keluar', 'malam']
DH4sB3KzNXH;korban harga keluarga butuh air bersih masyarakat penuh terima kasih korban kerja keras tugas moga baik berkah limpah tugas keluarga selamat idul fitri mohon maaf lahir batin;['kali']
DH4sB3KzNXH;posisi moga tugas raya beri sehat lancar kerja kumpul keluarga mal aidzin walfaizin;['daerah', 'kedurus', 'kotor', 'nya']
DH4sB3KzNXH;keren;['daya', 'manfaat', 'pihak', 'salam']
DH4sB3KzNXH;masha allah moga sehat foldedhandslightskintone;['balas', 'coba', 'survey']
DH4sB3KzNXH;semangat juang;['beri', 'keluarga', 'kerja', 'mohon', 'surabaya', 'usia', 'warga']
DH4sB3KzNXH;semangat moga beri sehat berkah keluarga;['aja', 'minum']
DH4sB3KzNXH;semangat kawan satria surya sembada moga allah swt senantiasa lindung jaga keluarga amin robbalalamiin;['kak', 'murah']
DH4sB3KzNXH;selamat tugas kawan kawan moga beri sehat berkah semangat;['kawan', 'selamat']
DHz7X7GPjBa;tular angling dharmo misteri gunung rapi artis genta buana lihat kilas film trsbut penuh memorismilingfacewithheart;['selamat']
DHz7X7GPjBa;selamat film nasional;['selamat']
DHz7X7GPjBa;karya masterpiece novelis ubah film ga gagal;['jaga', 'mari']
DHz7X7GPjBa;ayo admin undi cis hadiah tiket nonton film baru sahabat;['air']
DHz7X7GPjBa;mas adam ibu ibu ibu;['dalam', 'kecil', 'rumah', 'tidak']
DHz7X7GPjBa;admin keren;['selamat']
DHz7X7GPjBa;indra said genre;['aduh', 'bos', 'gin', 'heran', 'jam', 'kantor', 'kebraon', 'ku', 'mati', 'tiktok']
DHz7X7GPjBa;suka ekapratama achmadi ipar maut;['kebraon', 'mati', 'pdam']
DHz7X7GPjBa;tebak judul film nya;['jam', 'selesai']
DHvpNKGPbWR;banjarsari cerme pdam mati;['admin', 'daerah', 'dukuh', 'hari', 'mati']
DHub4LCziVP;masya allah;['aktivitas', 'informasi', 'jam', 'kebraon', 'kerja', 'loh', 'sekolah']
DHub4LCziVP;masya allah tabarakallah;['aplikasi', 'foto', 'meter', 'susah', 'unggah']
DHub4LCziVP;pdam rumah kencana residence kalilom lor indahklo siang air tidak nyalamalam jam tidak nyalagimana kerjaasaya tahan;['alir', 'berangkat', 'kebraon', 'kerja', 'mohon', 'nyala', 'sekolah']
DHshgZavd1e;selamat libur;['alir', 'layan', 'masyarakat', 'mati', 'pdam', 'profesional', 'siap', 'warga']
DHqTyqwvbip;enak;['kebraon', 'mati', 'pdam']
DHqTyqwvbip;admin air gunung sari jam mati;['biasa', 'pakai', 'suka', 'umum']
DHqTyqwvbip;tidak informasi air pdam mati area sawunggaling admin;['berangkat', 'ditindaklanjuti', 'ga', 'kasih', 'kebraon', 'kerja', 'mandi', 'subuh', 'terima']
DHqTyqwvbip;segar;['anak', 'kebraon', 'kerja', 'sekolah']
DHqTyqwvbip;admin wiyung gang air mati;['kemlaten', 'nyala']
DHqTyqwvbip;informasi manfaat;['alir', 'sore']
DHqTyqwvbip;admin area kodam air nya mati tidak informasi pemberitahuan;['alir', 'daerah', 'lontar']
DHqTyqwvbip;mohon bantu batal adu pdam atas;['kebraon', 'mandi', 'pagi', 'uda']
DHqTyqwvbip;halo admin gunungsari air mati tidak informasi pemberitahuan nyala plis adu via whatsapp;['estimasi', 'jam', 'komen', 'selesai']
DHqTyqwvbip;air mati ga pemberitahuan;['balas', 'klumprik', 'pantau', 'sumber']
DHqTyqwvbip;admin gaada pemberitahuan kodam mati total;['aktivitas', 'jam', 'mati', 'pak']
DHqTyqwvbip;admin kodam mati admin air admin bisa bikin gebrak pemberitahuan;['balas', 'kak', 'kasih', 'klumprik', 'macet', 'pagi', 'selamat', 'smpe', 'terima']
DHqTyqwvbip;mohon kenan buka pesan;['kebraon', 'mati', 'pdam']
DHqTyqwvbip;air mati total tidak informasi jelas pdam;['baik', 'kebraon', 'lurah', 'normal', 'nyala', 'padam', 'selesai', 'terimakasih', 'wilayah']
DHpnD3Pvkdi;air pulosari mati tidak pemberitahuan;['sumber']
DHpnD3Pvkdi;harga m kubik pdam surabaya;['air', 'dalam', 'dampak', 'ditindaklanjuti', 'jam', 'kena', 'normalisasi', 'nyata', 'padam', 'pagi', 'proses', 'warga']
DHpnD3Pvkdi;air kodam matikate sholat bingung ga air;['akeh', 'aktivitas', 'kebraon', 'nyala']
DHpnD3Pvkdi;air daerah gunungsari mati;['informasi', 'kasih', 'mati']
DHpnD3Pvkdi;admin download aplikasi cis lupa ga catat meter mandiri;['area', 'ga', 'kamar', 'ku', 'mandi']
DHpnD3Pvkdi;so far bad experience air mati masuk meter tidak tangan pdam lapor cuman tugas lapor konfirmasi kerja lapor tinjau tidak akurat kacau;['indah', 'kebraon', 'pagi', 'permai']
DHpnD3Pvkdi;daerah lontar pakuwon air mati malam doang;['berangkat', 'bos', 'kerja', 'mandi']
DHpnD3Pvkdi;halo aju adu air pdam mati whatsapp web pesan tanggap terimaksih;['kebraon', 'mati', 'pdam']
DHpnD3Pvkdi;jaman canggih sih tugas cek meter pdam main masuk pagar pagar grendel tugas daerah gading;['allah', 'kebraon', 'mati']
DHpnD3Pvkdi;pdam mati jm ga pemberitahuan;['kebraon', 'mati', 'pagi']
DHpnD3Pvkdi;pesan lapor bocor pipa pdam jalan mohon ditindaklanjuti;['kebraon', 'mati', 'pdam']
DHpnD3Pvkdi;nyala air admin air mati pemberitahuan hambat aktivitas pagi;['kemlaten']
DHkxG3hvjwD;keren video;['alir', 'jam', 'kebraon', 'pdam']
DHkxG3hvjwD;luarr moga pdam jaya;['kebraon', 'pakk']
DHkxG3hvjwD;hebatstar struck;['jam', 'kebraon', 'nya', 'sido']
DHkxG3hvjwD;daerah kapas lor camat kapas madya hari tidak keluar air admin;['air', 'daerah', 'kebraon']
DHkxG3hvjwD;informatif video;['klumprik']
DHkxG3hvjwD;pdam kebraon kambuh loh ga pernah pakai umum sama sekali heran;['kebraon', 'mati', 'pagi', 'pdam']
DHkxG3hvjwD;ok;['butuh', 'kebraon', 'nyala', 'pakk']
DHkxG3hvjwD;nyala admin;['bos', 'jam', 'kebraon', 'pdamnya']
DHkxG3hvjwD;kebraon pdam mati admin;['berangkat', 'informasi', 'kebraon', 'kerja']
DHiYTyszS9L;ga bayar online;['kali']
DHiYTyszS9L;top;['air', 'daerah', 'halo', 'kedurus', 'mati', 'pagi']
DHiYTyszS9L;maaf tpp pppk nakes surabaya jelas kata;['daerah', 'kedurus', 'mati', 'pemberitahuan']
DHiYTyszS9L;dijojoran pdamx pakai sanyoodirumah klre malam air pdamx;['baik', 'berangkat', 'biasa', 'kerja']
DHiYTyszS9L;assalamualaikum salam nusantara moga umur panjang manfaat masyarakat;['lambat']
DHiYTyszS9L;air keruh daerah tempel sukorejo iv pak;['jam', 'kedurus', 'normal', 'selesai']
DHiYTyszS9L;best leader;['aktivitas', 'daerah', 'kebraon', 'pagi']
DHiYTyszS9L;pdam surabaya diskon tarif pln operator seluler;['kedurus', 'mati']
DHiYTyszS9L;air tidak keluar jam sibuk komplain pdam dapat solusi suruh pasang pompa air pasang tandon;['daerah', 'lontar', 'mati']
DHiYTyszS9L;maaf daerah surabaya barat air kotor alir tidak deras bayar mahal turun tarif air pdam;['lontar', 'mati']
DHiYTyszS9L;air tidak minum;[]
DHiYTyszS9L;apa murah masuk gang kecil tarif atas bukti;['allah', 'masya', 'tabarakallah']
DHiYTyszS9L;nyala kak;['cerah']
DHiYTyszS9L;sip;['berkah', 'moga', 'pihak']
DHiYTyszS9L;bohong;['manfaat']
DHiYTyszS9L;murah keruh kotor;[]
DHiYTyszS9L;murah tarif pdam turun;['subhanallah']
DHiYTyszS9L;nyata nya;['aamiin']
DHiYTyszS9L;air ga keluar keluar malam aja habis isya jam;['masyaallah']
DHiYTyszS9L;harga;[]
DHiYTyszS9L;karangrejo air pdam nya pasir lapor kali kali;['air', 'aktivitas', 'area', 'dampak', 'kedurus', 'mati', 'nya', 'padam']
DHiYTyszS9L;daerah kedurus air nya kotor;['masyaallah']
DHiYTyszS9L;idem puol pole bumd daya bukan manfaat pihak salam nuswantoro jaya salam indonesia;['allah', 'masya']
DHiYTyszS9L;coba balas survey;['area', 'kedurus', 'mati', 'pemberitahuan', 'siap']
DHiYTyszS9L;mohon tolong usia beri kerja keluarga warga surabaya;['catat', 'meter', 'tanggal']
DHiYTyszS9L;pdam air minum kawan suka ta minum air pdam rebus aja aneh jaman an sanggup minum pakai mandi aja keruh;['foto', 'susah', 'unggah']
DHiYTyszS9L;air pdam murah butekpercuma kak;['daerah', 'informasi', 'jam', 'lontar', 'maret', 'pagi']
DHhkxI3zgfi;selamat air kawan;['baik', 'dampak', 'jalan', 'mastrip', 'rumah', 'sore']
DHhkxI3zgfi;selamat;['kasih', 'langgan', 'nya', 'padam', 'rencana', 'tampung', 'terima']
DHhkxI3zgfi;selamat air;['amin', 'lancar', 'moga', 'puasa']
DHhkxI3zgfi;selamat air;[]
DHhkxI3zgfi;keren;[]
DHhkxI3zgfi;mari jaga hemat air;['daerah', 'keluar', 'pagi', 'tidak']
DHhkxI3zgfi;air zat kimia atom hidrogen atom oksigen rumus kimia ho globeshowingasia australia;['minn']
DHhkxI3zgfi;admin air rumah ngalirnya kecil tidak dalam;['my']
DHfjhrev02K;selamat air;['beli']
DHfjhrev02K;keren;['admin', 'keren']
DHfjhrev02K;keren;['bikin', 'tiktok']
DHYZ_s2vGMk;admin cek pesan;['manfaat', 'moga', 'sukses']
DHYZ_s2vGMk;halo kak kebraon sek suwe ta nyala gaada informasi sama sekali moro mati kawan;['biaya', 'kota', 'langgan', 'pdam', 'surabaya', 'tagih']
DHVUmqaP_tB;pdam kebraon mati bos ku mati jam aduh gin kantor joget joget tiktok heran;['bayar', 'daftar', 'kantor', 'kontrak', 'maaf', 'pemberitahuan', 'survey', 'whatsapp']
DHVUmqaP_tB;pdam kebraon mati;['baratajaya', 'informasi', 'mohon']
DHVUmqaP_tB;selesai jam;['halo', 'manuk', 'rumah']
DHVUmqaP_tB;pdam kebraon grandharvest mati pagi pagi admin;['keluar', 'minn', 'pelan']
DHVUmqaP_tB;admin daerah dukuh bulu air mati hari admin;['dampak', 'jalan', 'kecil', 'keluar', 'kena', 'nya', 'sore']
DHVUmqaP_tB;air pdam kebraon mati tidak informasi sekalikacau jam aktivitas kerja sekolah loh;['admin', 'alir', 'informasi', 'kecil', 'kencang', 'lanjut', 'lontar', 'malam', 'mohon', 'pintu', 'raya', 'tindak']
DHVUmqaP_tB;unggah foto meter aplikasi susah loading;['salam']
DHVUmqaP_tB;pdam kebraon nyala berangkat kerja sekolah mohon alir air;['barat', 'kecil', 'pakuwon', 'surabaya']
DHVUmqaP_tB;giat kerja mati alir air pdam warga pemberitahuan warga siap dampak kebraon mati jam alir pdam profesional dalam layan masyarakat bukan maaf tidak budaya layan;['biasa', 'indah']
DHVUmqaP_tB;pdam kebraon mati;[]
DHVUmqaP_tB;biasa suka mati air tidak pakai umum;['salam']
DHVUmqaP_tB;ditindaklanjuti admin air kebraon mati subuh berangkat kerja ga mandi terima kasih;['pdam', 'sembada', 'surya']
DHVUmqaP_tB;pdam kebraon mati anak suami sekolah kerja tidak air;['air', 'bayar', 'estimasi', 'ganggu', 'jam', 'keluar', 'mahal', 'siang']
DHVUmqaP_tB;nyala air admin daerah kemlaten;[]
DHVUmqaP_tB;jelang sore alir;['daerah', 'informasi', 'kak', 'mati', 'pdam']
DHVUmqaP_tB;daerah lontar tidak alir air;['bayar', 'ganti', 'keran', 'kerja', 'selesai', 'stop']
DHVUmqaP_tB;air mati lamaa kebraon pagi niiih mandi uda soreee;['info', 'mantap']
DHVUmqaP_tB;kolom komen estimasi jam selesai jam set air;['air', 'bukan', 'daerah', 'hujan', 'kota', 'masuk', 'nya', 'rumah', 'sambung', 'sulit', 'tampung']
DHVUmqaP_tB;pantau sumber balas klumprik admin;['keren']
DHVUmqaP_tB;pdam daerah kebraon mati jam pak air mati jam aktivitas;['bukan', 'cenderung', 'kecil', 'keluar', 'puasa']
DHVUmqaP_tB;selamat pagi kak admin air kebraon balas klumprik smpe pagi alir mohon informasi macet diperbaikki terima kasih;['air']
DHVUmqaP_tB;pdam kebraon mati;['minum', 'nya']
DHVUmqaP_tB;air padam wilayah lurah kebraon baik selesai nyala normal terimakasih;['aju', 'apa', 'aplikasi', 'cis', 'hapus', 'informasi', 'juga', 'kendala']
DHVUmqaP_tB;sumber bongko banyumucak;['induk', 'pasang', 'pdam', 'pipa']
DHVUmqaP_tB;ditindaklanjuti kena marah warga dampak air padam jam pagi air dalam proses normalisasi nyata air;['respon']
DHVUmqaP_tB;ayoo tidak nyala air kebraon akeh aktivitas;['hujan']
DHVUmqaP_tB;kasih informasi mati;['edukasi']
DHVUmqaP_tB;kamar mandi ku pesing ga gebyursampai area balasklumprik mati air;['terus']
DHVUmqaP_tB;kebraon indah permai air mati pagi;['admin', 'dalam', 'kecil', 'malam', 'nunggu', 'nya', 'rumah']
DHVUmqaP_tB;kebraon pdam nya mati bos jam kerja berangkat kerja tidak mandi;['pdam']
DHVUmqaP_tB;pdam kebraon mati sebentar;['air', 'bersih', 'daerah', 'kasih', 'pakai', 'sembada', 'sumur', 'surabaya', 'surya', 'terima']
DHVUmqaP_tB;kebraon mati om air allah;['ga', 'karang', 'keluar']
DHVUmqaP_tB;kebraon utama mati pagi;['daerah', 'mati', 'mohon', 'perhati']
DHVUmqaP_tB;pdam kebraon mati tadipagi knapa;['kanan', 'karang', 'kiri', 'maret', 'normal', 'nya', 'tetangga', 'wiyung']
DHVUmqaP_tB;kemlaten mati air admin;['admin', 'pesan']
DHVUmqaP_tB;daan tidak info pas mandi nguras pagipas air mati;['anyar', 'barat', 'gunung', 'induk', 'iv', 'masuk', 'nya', 'pipa', 'tambak']
DHVUmqaP_tB;pdam kebraon jam alir;[]
DHVUmqaP_tB;pakk pdam kebraon mati;['cek', 'kampung', 'kawasan', 'malam', 'mohon', 'seng']
DHVUmqaP_tB;sido nya jam piro admin kebraon;['lapor', 'mohon', 'tanggal', 'via', 'whatsapp']
DHVUmqaP_tB;air daerah kebraon;['kontrak', 'pasang', 'surat', 'tanah', 'usaha']
DHVUmqaP_tB;baik mohon pemberitahuan siap air air bersih bak mandi tidak campur air keruh kuras bak mandi mohon jadi timbang;['baik', 'manuk', 'sih']
DHVUmqaP_tB;semangat pak;['sih']
DHVUmqaP_tB;lontar;['capek', 'sih']
DHVUmqaP_tB;pdam klumprik mati;['adu', 'aplikasi', 'bocor', 'cepat', 'gerak', 'good', 'hari', 'job', 'kira', 'loh', 'nya', 'rumah']
DHVUmqaP_tB;pdam kebraon mati;['buka', 'ijin', 'tutup']
DHVUmqaP_tB;kebraon mati air pdam pagi;['an', 'area', 'baik', 'keruh', 'tegalsari']
DHVUmqaP_tB;mbok umum mati admin kali kali komplain tidak perhati saran customer kan baik planningnya tidak grusak grusuk;['kasih', 'ok', 'terima']
DHVUmqaP_tB;waduuh pdam kebraon kahhh tolongg pakk nyala airnyaa butuh iniii;['ga', 'informasi', 'wiyung']
DHVUmqaP_tB;jam kebraon pdamnya bos;['an', 'habis', 'keluarga', 'pakai', 'ribu', 'tarif']
DHVUmqaP_tB;kebraon informasi poko minnnnnn berangkat kerja raup tok;['cantik', 'lurah', 'medok']
DHVUmqaP_tB;daerah muhammad tepat dukuh kawal kendal air mati malam lancar kali kali;['ke', 'proses', 'resmi', 'surat']
DHUega5zmZz;halo admin daerah kedurus air pagi air mati;['banget', 'bau', 'kaporit']
DHUega5zmZz;daerah bogangin kedurus mati pemberitahuan admin auto nabrak nabrak;['mem']
DHUega5zmZz;biasa baik pagi berangkat kerja jam baik;['habis']
DHUega5zmZz;postingannya lambat admin;['bayar', 'tidak']
DHUega5zmZz;kedurus selesai jam berapa air normal;['kawan', 'kualitas', 'remaja', 'stabil', 'tahun']
DHUega5zmZz;minmin daerah kebraon b kok pagi aktivitas tidak air;['benar', 'biaya', 'ganti', 'gratis', 'meter']
DHUega5zmZz;kedurus mati admin air;['anak', 'apa', 'bak', 'campur', 'cuci', 'dan', 'jelek', 'kadang', 'kayak', 'kualitas', 'main', 'putih', 'sampai', 'sekali']
DHUega5zmZz;daerah lontar mati;['aju', 'buram', 'embun', 'ganti', 'kaca', 'laku', 'meter', 'rumah']
DHUega5zmZz;lontar mati;[]
DHS9657vkdw;rabb;['surat']
DHS9657vkdw;masya allah tabarakallah;['aplikasi', 'lanjut', 'mati', 'meter', 'tidak', 'tugas']
DHS9657vkdw;cerah;['bayar', 'cek', 'klu', 'meter', 'susah', 'tugas']
DHS9657vkdw;moga berkah pihak;['gratis']
DHS9657vkdw;manfaat admin;['benar', 'ganti', 'meter', 'nya', 'protes', 'tagih', 'tahun']
DHS9657vkdw;masyaallaah;['barat', 'ganti', 'surabaya']
DHS9657vkdw;subhanallah;['ganti', 'informasi', 'kait', 'langgan', 'lurah', 'masyarakat', 'memang', 'meter', 'mohon', 'program', 'rw', 'sampai', 'terus', 'warga']
DHS9657vkdw;aamiin;['ganti', 'gratis', 'keran', 'ngga', 'nya']
DHS9657vkdw;masyaallah;['admin', 'ga']
DHS9657vkdw;mashaallah;['bulan', 'buram', 'lanjut', 'meter', 'putar', 'tindak']
DHS9657vkdw;air mati padam air nya aktivitas area dampak nya kedurus mati;['aju', 'camat', 'ganti', 'kaca', 'lurah', 'meter', 'sawah']
DHS9657vkdw;masyaallah;['biaya', 'ganti', 'kena', 'lapor', 'meter']
DHS9657vkdw;masya allah;['ganti', 'meter']
DHS9657vkdw;mati air pemberitahuan dongbiar siap area kedurus mati sihhh;['buram', 'meter', 'tambak']
DHSuwpSv6sT;catat meter mulai tanggal;['buram', 'lanjut', 'lapor', 'meter', 'tindak']
DHSuwpSv6sT;unggah foto susah;['anyar', 'gunung']
DHQO6OZvT7R;tidak informasi air mati maret jam pagi daerah lontar;['ketintang', 'lokasi']
DHN4iWUv4-U;rumah dampak daerah jalan mastrip baik sore;['jarang', 'ratus']
DHN4iWUv4-U;rencana padam pdam share instagram minimal langgan tampung air nya terima kasih;['area', 'gunung', 'nunggu', 'pakis', 'sawah']
DHI-cH5PNUe;moga puasa lancar amin rab palmsuptogethermedium darkskintone;['aja']
DHI-cH5PNUe;jos;['mantap']
DHI-cH5PNUe;syukron katsiron;['lanjut', 'mantap']
DHIHzU8Pa6Q;pagi daerah krembangan air tidak keluar;['ganti', 'hujan', 'kak', 'kena', 'perlu', 'putar']
DHGSnPpvOZ_;seru minn;['bayar', 'ganti', 'keran', 'kerja', 'selesai', 'stop']
DHGSnPpvOZ_;oh my god;['admin', 'benar', 'bilang', 'ganti', 'gratis', 'meter', 'pdam', 'permisi', 'program', 'tugas']
DHGSnPpvOZ_;mikir beli takjil;['cepat', 'layan', 'mantap']
DHGSnPpvOZ_;keren admin mudah tertawa;['kualitas']
DHGSnPpvOZ_;nungguin buka nyemil enak;['baik', 'bak', 'kotor', 'memang', 'nguras', 'pakis', 'permisi']
DHGSnPpvOZ_;bikin admin video tiktok bikin ketawa unggah air aja;['abu', 'coklat', 'cuci', 'januari', 'keruh', 'layak', 'piring']
DHGSnPpvOZ_;naya mampu spesial sahabat;['admin', 'kotor', 'kupang', 'maaf', 'malam', 'out', 'selamat']
DHF0eVMP3bF;moga sukses manfaat;['daerah', 'mati', 'utara']
DHF0eVMP3bF;langgan pdam kota surabaya ringan biaya tagih pdam;['baik', 'barusan', 'gunung', 'ikip', 'kecil', 'keluar', 'malam', 'pagi', 'pdamnya', 'perum']
DHF0eVMP3bF;maaf daftar survey whatsapp pemberitahuan kantor bayar kontrak;['selesai']
DHFE3mnTKgn;selamat pagi mohon cek pesan ganggu air injoko gayung;['anyar', 'ikip', 'keluar', 'lancar', 'perum']
DHFE3mnTKgn;mohon informasi baratajaya mati air;['info', 'kasih', 'nya', 'terima', 'update']
DHFE3mnTKgn;halo admin manuk kulon rumah;['alir', 'anyar', 'dampak', 'gunung', 'kecil', 'rumah', 'tambak']
DHFE3mnTKgn;pelan minn keluar airx selesei;['hasil']
DHFE3mnTKgn;jalan arjuno kena dampak sore air keluar nya kecil;['bocor', 'cek', 'daerah', 'mohon', 'pipa']
DHFE3mnTKgn;mohon informasi admin raya lontar pintu keluar ptc alir air kecil malam kencang kecil mohon tindak lanjut admin;['belakang', 'depan', 'kanan', 'kiri', 'meter', 'pindah']
DHD-TmYPOhZ;salam makassar;['setro', 'utara']
DHD-TmYPOhZ;air pakuwon surabaya barat kecil;['lurah', 'rungkut']
DHDjEXfvJbe;biasa indah bagi;['air', 'alir', 'baik', 'deras', 'isi', 'kecil', 'lambat', 'meter', 'nya', 'pelan', 'putar', 'siang', 'tandon', 'tempat']
DHDjEXfvJbe;abah aripin;['bayar', 'beli', 'denda', 'keran', 'meter', 'stop']
DHDjEXfvJbe;salam kenal travel pijat keseleo kecetit;['aplikasi', 'cis', 'promo']
DHDjEXfvJbe;pdam surya sembada;['bayar', 'tanggal']
DHDctmAvZFn;siang air ga keluar tambah ganggu estimasi jam bayar mahal air keluar mau;['apa', 'kak', 'promo']
DHDctmAvZFn;optimalisasi;['ada', 'diskon', 'indomaret', 'jarang', 'kakak']
DHBNUewvlO9;kak minta informasi daerah bangking pdam mati;['mati', 'surabaya']
DHBNUewvlO9;kerja ganti stop keran selesai bayar;['adu', 'ganti', 'hingga', 'kerja', 'meter', 'tanggap']
DHBNUewvlO9;resap keluar pipa dalam pdam deteksi mohon cerah;['moga', 'semangat', 'sukses']
DHAQvCRPnjG;mantap info admin;['mantap']
DHAQvCRPnjG;daerah sulit air air tampung air hujan sambung pdam masuk rumah kota bukan pelosok desa desa sedih nya;['dikit', 'jam', 'jemurwonosari', 'keluar', 'malam', 'pagi', 'siang']
DHAQvCRPnjG;keren;['tanggap']
DHAQvCRPnjG;bukan puasa kecil cenderung tidak keluar;['cinta', 'good', 'job', 'rencana', 'teman']
DHAQvCRPnjG;buang air air aset;['cantik', 'mas', 'mbak', 'sehat']
DHAQvCRPnjG;air nya minum teknologi terap;['baca', 'pesan']
DG9c3V9TbvE;puasa air kecil cenderung tidak keluar daerah tambak dalam asemrowo;['informasi', 'komunikasi']
DG9c3V9TbvE;aju undur kendala apa juga tidak informasi aplikasi cis hapus;['mati', 'pdam', 'rumah', 'sore', 'sulit']
DG9c3V9TbvE;rata pasang pipa pdam persil gudang pasang pipa induk pdam;['air', 'alir', 'daerah', 'memang', 'sidotopo']
DG7iaIrv7g2;respon;['semangat']
DG5o0bYPl3m;editor hujan;['admin', 'semangat']
DG5o0bYPl3m;edukasi;['ga', 'pagi', 'pemberitahuan', 'sambikerep']
DG5o0bYPl3m;moga kualitas air nya bukan edukasi masyarakat tidak lapor perihal air keruh mohon perhati terima kasih;['sehat', 'semangat', 'teman']
DG5o0bYPl3m;terus benah terus baik terus unggul;['barat', 'bocor', 'bu', 'gunung', 'hampir', 'jalan', 'kupang', 'tindak']
DG5o0bYPl3m;admin daerah jojoran rumah keluar nya kecil admin nunggu malam dalam rumah air nya admin;['ayo', 'biar', 'cepat', 'keluar', 'kerja', 'semangat']
DG5o0bYPl3m;kecewa pdam;['admin', 'sore', 'update']
DG5o0bYPl3m;terima kasih pdam surya sembada surabaya daerah karah nikmat air bersih pakai air sumur timbul;['an', 'anak', 'jalan', 'konfirmasi', 'mastrip', 'rumah', 'rw', 'surabaya', 'uang', 'whatsapp']
DG2-SwkTIGZ;karang menjangan admin air ga keluar;['air', 'anyar', 'baik', 'gunung', 'ijin', 'info', 'itu', 'jam', 'keluar', 'lancar', 'macet', 'malam', 'normal', 'normalisasi', 'nunggu', 'nya', 'pagi', 'pun']
DG2-SwkTIGZ;daerah tales mati mohon perhati;['bingung', 'bocor', 'ga', 'keluar', 'mandi', 'nya', 'pantas']
DG2-SwkTIGZ;karang wiyung maret tidak keluartapi tetangga kanan kiri air nya normal;['bayar', 'gojek', 'indomaret', 'rp', 'tagih']
DG2mO-zvQQ9;pesan admin;['adu', 'area', 'cek', 'kapas', 'madya', 'pam', 'pipa', 'salur', 'suruh', 'tagih']
DG2mO-zvQQ9;pipa induk masuk sepenuh nya gunung anyar tambak iv modern barat;['film', 'ga', 'ubah']
DG2mO-zvQQ9;bendul bayune matilekkk;['enak']
DG1_UYvvw4r;admin kawasan kampung seng air malam mohon cek;['gaada', 'kodam', 'pemberitahuan', 'total']
DGz3lzlveb1;mohon maaf bantu menindaklanjuti lapor air keruh daerah ngagel jaya selatan tanggal februari lapor via whatsapp tanggal maret lapor via whatsapp mohon perhati kualitas air guna butuh hari terima kasih clappinghandslightskintone;['keren']
DGz3lzlveb1;nyala;['keren']
DGz3lzlveb1;pasang kena biaya admin;['keren']
DGz3lzlveb1;admin pasang pdam usaha kontrak surat tanah;['gaada', 'halo', 'informasi', 'kak', 'kawan', 'kebraon', 'nyala', 'sama', 'sekali', 'ta']
DGz3lzlveb1;admin sahur sahur air manuk matiin sih baik;['lontar']
DGxUyZ-voIy;admin;['kali', 'kan', 'komplain', 'perhati', 'umum']
DGxUyZ-voIy;dadak sih;['cerah', 'dalam', 'keluar', 'mohon', 'pipa']
DGxUyZ-voIy;daerah wisma pagesangan mati air sih capek sayaa;['cenderung', 'daerah', 'dalam', 'kecil', 'keluar', 'puasa', 'tambak']
DGu2hX1Pzqs;rumah pdam bocor adu aplikasi kira hari loh tidak tahu nya gerak cepat good job;['nyala']
DGrrfRXPNh9;admin cekq bayar tagih ga keluar tagih nyakatanya bayar periode tanggal tanggal ga keluar tagih nyatlp layan langgan suruh bayar tanggal bayar tagih;['bayar', 'tagih', 'tanggal']
DGrrfRXPNh9;ijin admin buka tutup;['catat', 'mati', 'meter', 'tahun']
DGpnXY6vHSI;air area tegalsari keruh an baik;['bocor', 'keran', 'meter', 'rusak', 'stop', 'tanggung']
DGpnXY6vHSI;ok terima kasih;['bayar', 'laku', 'profesional', 'tugas']
DGpnXY6vHSI;air graha sampurna wiyung mati ga informasi;['baik', 'layan']
DGo6xcJztU0;pdam tarif keluarga pakai habis ribu an;['baik', 'cepat', 'gerak', 'kasih', 'terima']
DGo6xcJztU0;lurah medok cantik admin;['cuci', 'dan', 'keruh', 'mandi', 'muka', 'pakai']
DGo6xcJztU0;tolak surat pemberitahuan tidak proses ganti langgan informasi surat resmi ke rumah rawan tipu ampo;['ecek', 'jambang', 'kali']
DGo6xcJztU0;air bau kaporit banget;['ada', 'call', 'pompa', 'tugas']
DGo6xcJztU0;ganti tahun uda x catat meter gerak cepat mati lapor rumah meter mati tidak kayak pln meter mati tahun kontrak bayar abonemen meterran rusak ehh ndilalah catat meter ganti report meter mati alhasil bayar tagih belakang total jutaa;['keluar', 'setro', 'utara']
DGo6xcJztU0;mem;['bayar', 'biar', 'biaya', 'cerah', 'ganti', 'hubung', 'jelas', 'keran', 'nunggu', 'nya', 'stop', 'tugas']
DGo6xcJztU0;habis ganti meter habis;['gratis', 'wonocolo']
DGo6xcJztU0;bayar tidak;['bayar', 'hutang']
DGo6xcJztU0;remaja kualitas air kawan tahun kualitas air ga stabil keruh;['admin', 'lengkap', 'syarat']
DGo6xcJztU0;benar gratis admin klau ganti meter air biaya;['daerah', 'kak', 'mati']
DGo6xcJztU0;kualitas jelek sih ini kadang keluar putih kayak campur mah anak main sabun dalam bak kualitas air mandi gatal dan keruh sekali sampai kasih kaos kaki keran nya cuci kaos kaki beberapa hari kotor sekali apa wilayah;['semangat']
DGo6xcJztU0;kaca meter air rumah embun buram laku aju ganti dl admin;['hampir', 'keluar', 'kenjeran', 'malam', 'minggu', 'siang']
DGo6xcJztU0;bubut;['alas', 'golong', 'rubah', 'ubah']
DGo6xcJztU0;ga surat surat perijinan rumah;['ga', 'halo', 'pesan', 'skrng', 'smpe', 'tanggap']
DGo6xcJztU0;meter mati ttd aplikasi tugas tidak lanjut admin;['alhamdulillah']
DGo6xcJztU0;semenjak meter rumah ganti air rumah tidak nyala;['daerah', 'dukuh', 'kecil', 'pakis', 'tekan']
DGo6xcJztU0;pakklu tinggi meter bayar tidak letak bawah susah tugas klu cek meter;['pdam', 'semangat']
DGo6xcJztU0;gratis admin;[]
DGo6xcJztU0;protes ganti meter maka tagih tajam nya persis tahun benar;['bayar', 'gojek', 'grab']
DGo6xcJztU0;surabaya barat ganti;['keren']
DGo6xcJztU0;memang pdam program ganti meter mohon langgan informasi kait lurah sampai rw terus warga masyarakat;['kak', 'pasang', 'progres']
DGo6xcJztU0;ganti keran nya ngga gratis admin;['h', 'informasi']
DGo6xcJztU0;lurah pacarkembang admin;['air', 'isuk', 'jam', 'kalijudan', 'macet', 'sore']
DGo6xcJztU0;kendangsari ga admin;['air', 'bulak', 'cenderung', 'datang', 'debit', 'gali', 'kata', 'kecil', 'keluar', 'keruh', 'lancar', 'lapor', 'memang', 'rukem', 'siang', 'tidak', 'timur']
DGo6xcJztU0;bulan inspeksi tindak lanjut meter air buram tidak putar;['pompa', 'warga']
DGo6xcJztU0;meter kaca ngembungak camat sawah lurah banyuurip admin aju ganti;['bu', 'buron', 'hutang', 'pinjol', 'suruh']
DGo6xcJztU0;lapor kena biaya ganti meter;['komunikasi', 'langgan']
DGo6xcJztU0;ganti meter;['cepat', 'kerja', 'moga', 'selesai']
DGo6xcJztU0;alir air pdam kecil perlu ganti meter nya;['admin', 'daerah', 'mati', 'selesai']
DGo6xcJztU0;tambak wedi kapan kah meter buram;['alir', 'gaada', 'mojo', 'ta']
DGo6xcJztU0;lapor meter buram dilihatdicatat tindak lanjut;['keluar', 'sama', 'sekali', 'siwalankerto']
DGo6xcJztU0;gunung anyar admin;['allah', 'jalan', 'lindung', 'masya', 'tabarakallah']
DGo6xcJztU0;lokasi ketintang admin;['dinoyo']
DGo6xcJztU0;air pdam januari puluh kaget bayar februari ratus rumah jarang tempat nya ratus;['juang', 'keluarga', 'mungkin', 'operator', 'pam', 'sehat', 'semangat', 'surabaya', 'tugas', 'warga']
DGo6xcJztU0;pakis gunung nunggu gilir area sawah;['pam', 'semangat']
DGo6xcJztU0;aja;['libur', 'selamat']
DGmkEJ0Shq8;mantap;[]
DGmkEJ0Shq8;mantap admin lanjut;['keren', 'video']
DGmW0kySP2b;kak tidak putar kena air hujan perlu ganti;['iv', 'keruh', 'pak']
DGmW0kySP2b;kerja ganti stop keran selesai bayar;['keruh', 'kotor', 'murah']
DGmW0kySP2b;stop keran meter rusak bocor patah tanggung admin;['harga']
DGmW0kySP2b;laku bayar tugas profesional;['selamat']
DGkPIvcvtCI;layan baik;['admin', 'cek', 'pesan']
DGkPIvcvtCI;terima kasih baik gerak cepat;['pagi']
DGkPIvcvtCI;permisi admin tugas pdam bilang program pdam meter ganti gratis benar admin;['info', 'mandi', 'nguras', 'pas']
DGkPIvcvtCI;oke tuju;['air', 'bak', 'bersih', 'campur', 'mandi', 'mohon', 'siap']
DGjomxtTHm8;layan bocor cepat atas;['pak', 'semangat']
DGjomxtTHm8;layan cepat mantap;['kebraon', 'mati', 'pdam']
DGjomxtTHm8;hormat amat kualitas air nya benerin lapor air keruh coklat abu cuci piring was kualitas mandi kumur berwudhu perhati kualitas air terima kasih;['mampu', 'sahabat']
DGiEuz9vnKr;selamat malam admin permisi daerah pakis baik air kotor dikrkuarkan memang baik air kotor nguras bak mandi;['cek', 'ganggu', 'mohon', 'pagi', 'pesan', 'selamat']
DGiEuz9vnKr;air nya keruh admin gosok gigi cuci muka mandi dan lain pakai air keruh gtu;['admin']
DGiEuz9vnKr;januari lapor air keruh coklat tanggal januari bening keruh abu cuci piring tidak layak;['ganti', 'nyala', 'rumah', 'semenjak']
DGiEuz9vnKr;selamat malam admin maaf out of topic daerah kupang air kotor admin;['admin', 'lurah']
DGhXva7v5Hh;air daerah jambang kecil lapor kali kali tugas ecek;['alir', 'ganti', 'kecil', 'meter', 'nya', 'perlu']
DGfzWbivqgy;admin daerah mampir utara air mati;[]
DGfLJn7v9ir;mohon bantu wilayah jagir sidomukti air keruh;['atas', 'bocor', 'cepat', 'layan']
DGfLJn7v9ir;mantap;['mantap']
DGe2WlxPbvn;malam baik pdamnya air perum ikip gunung mati pagi barusan keluar kecil;['gang', 'lanjut', 'tindak', 'wetan']
DGe2WlxPbvn;selesai;['mati', 'pemberitahuan', 'tidak']
DGe2WlxPbvn;air perum ikip gunung anyar lancar lancar air keluar kecil malam keluar;['bocor', 'ditindaklanjuti', 'jalan', 'lapor', 'mohon', 'pdam', 'pesan', 'pipa']
DGe2WlxPbvn;terima kasih info update nya;['video']
DGe2WlxPbvn;gunung anyar tambak dampak alir air rumah kecil;['admin', 'kebraon', 'mati', 'pdam']
DGe2WlxPbvn;hasil admin;['buka', 'enak']
DGcY2FIPTcc;admin daerah sidodadi pipa bocor mohon cek;['air', 'bukan', 'edukasi', 'kasih', 'keruh', 'kualitas', 'lapor', 'masyarakat', 'moga', 'mohon', 'nya', 'perhati', 'terima']
DGZ7MuDvXk3;admin pdam mati tanggal gin call pdam surabaya ada tugas tugas sikeras tekan pompa ga tandon kanan kiri gali pipa hitam sambung dalam sedang call pdam tugas yang sangkut tidak solusi bypas pompa tidak ada tugas bantu kasus;['admin', 'biaya', 'kena', 'pasang']
DGZYtHQz-lx;pindah meter kanan kiri depan belakang meter;['bantu', 'keruh', 'mohon', 'wilayah']
