"id","text","timestamp","ownerUsername","ownerProfilePicUrl","postUrl"
"18083072369170954","Embong belimbing alirannya kecillll😢","2026-06-21T01:42:42.000Z","mariskaannastasia","https://scontent.cdninstagram.com/v/t51.2885-19/310980764_1068337923876846_8759430756144447682_n.jpg?stp=dst-jpg_s150x150_tt6&_nc_cat=105&ccb=7-5&_nc_sid=f7ccc5&efg=eyJ2ZW5jb2RlX3RhZyI6InByb2ZpbGVfcGljLnd3dy4xMDgwLkMzIn0%3D&_nc_ohc=1u6VLIWcEN4Q7kNvwHFSK2c&_nc_oc=AdqouivrNSmIlHKfer1w-7i4hgU7iUzG--CYIHey7ONtRptrpaGtv6tnT772Ewh2gjU&_nc_zt=24&_nc_ht=scontent.cdninstagram.com&_nc_ss=7ca8c&oh=00_Af_VdcK2Pmjmdc63sd94lS04nMU0vVBNGkpysmTI64UWlA&oe=6A3DCAC6","https://www.instagram.com/p/DZzUjVyy_ZK/"
"18132575113514338","Tolong bekas galian PDAM di jalan Gunung Anyar Tambak IV banyak yg rusak & lubang, semoga bisa ditutup yg baik & tidak hancur.. 🔥@pdamsuryasembada","2026-06-10T02:55:01.000Z","rendysangpenjaga","https://scontent-ord5-1.cdninstagram.com/v/t51.82787-19/711670755_18105716669318669_8475266518264583073_n.jpg?stp=dst-jpg_s150x150_tt6&_nc_cat=101&ccb=7-5&_nc_sid=f7ccc5&efg=eyJ2ZW5jb2RlX3RhZyI6InByb2ZpbGVfcGljLnd3dy4xMDgwLkMzIn0%3D&_nc_ohc=j74htkKIw9EQ7kNvwFY6pBQ&_nc_oc=AdrzR3p_vFvyiOQT3D46Kj4_P96IDQky8D4aUJTI6I10Yvy08no4BcPy8kRLRICXgZM&_nc_zt=24&_nc_ht=scontent-ord5-1.cdninstagram.com&_nc_gid=IgPdzK4rWPmrq5NSuvhHAw&_nc_ss=72a8c&oh=00_Af9jgRq1j_NjLUOEZxpy5kJG2sv7mx_WsWQqGvp76WPn6g&oe=6A3DDB5C","https://www.instagram.com/p/DZY5gkUk2Fj/"
"18119758750784646","Wes sering mati listrik ojok ditambah2i mati banyu min😢","2026-06-19T11:11:07.000Z","yasminow___","https://scontent-lga3-2.cdninstagram.com/v/t51.82787-19/716049955_18436774708187797_2328495674886135472_n.jpg?stp=dst-jpg_s150x150_tt6&_nc_cat=100&ccb=7-5&_nc_sid=f7ccc5&efg=eyJ2ZW5jb2RlX3RhZyI6InByb2ZpbGVfcGljLnd3dy4xMDgwLkMzIn0%3D&_nc_ohc=dbvhsztQGP4Q7kNvwFD3QX8&_nc_oc=AdoSwMK5bEE-8DzfHvXIFpE09N2qpheISp2iSjzNBI80agp1ph0Hm3QYTMEYE3YqwkU&_nc_zt=24&_nc_ht=scontent-lga3-2.cdninstagram.com&_nc_gid=MjWs75z0vNzBZ2nRbhqJUQ&_nc_ss=72a8c&oh=00_Af_JgWUnWhcj-pYNaLhI1aSe5DsLhQ2nlnXAycqjCWVetg&oe=6A3DB902","https://www.instagram.com/p/DZw27zzyZlk/"
"18399144109087700","kebraon keikutan mati juga,nyala jamberapa ini?","2026-06-11T19:23:38.000Z","ichaaang07","https://scontent-det1-1.cdninstagram.com/v/t51.82787-19/591122030_18547032280038449_6005746501479414507_n.jpg?stp=dst-jpg_s150x150_tt6&_nc_cat=105&ccb=7-5&_nc_sid=f7ccc5&efg=eyJ2ZW5jb2RlX3RhZyI6InByb2ZpbGVfcGljLnd3dy4xMDgwLkMzIn0%3D&_nc_ohc=QutW6xO4HLUQ7kNvwEw-ZR0&_nc_oc=Ado50-RQ5_PNYIsYe6fip-qbZcw2aQaMvkqUsNZZL4Jp6I6ikv6Xs0nb4GPG7JO-P7M&_nc_zt=24&_nc_ht=scontent-det1-1.cdninstagram.com&_nc_gid=MWcw285tYhRXyKrZd_cAOA&_nc_ss=72a8c&oh=00_Af8rtRTm04LecckTmBq26hS5HBnG-BKVIslGRgsMyGNU1g&oe=6A3DCD7A","https://www.instagram.com/p/DZcCLQVSCuO/"
"17918099919380638","TAMAN PONDOK INDAH WIYUNG IKUT MATI APA GAK KAK AIR PDAM NYA ?","2026-06-11T08:17:22.000Z","muhamadgozalirachman","https://scontent-det1-1.cdninstagram.com/v/t51.82787-19/602391295_18098103841799872_9047393916693547506_n.jpg?stp=dst-jpg_s150x150_tt6&_nc_cat=108&ccb=7-5&_nc_sid=f7ccc5&efg=eyJ2ZW5jb2RlX3RhZyI6InByb2ZpbGVfcGljLnd3dy4xMDQwLkMzIn0%3D&_nc_ohc=CbxaFWZUzi8Q7kNvwFsXA8h&_nc_oc=Adq6C6oKXOCAix7yQ8ew3VFQMWJMIWMd-AuhrR0nvdDxUQ_N6YpTFh5psPe0usCKsxE&_nc_zt=24&_nc_ht=scontent-det1-1.cdninstagram.com&_nc_gid=MWcw285tYhRXyKrZd_cAOA&_nc_ss=72a8c&oh=00_Af-NZGYq5yRPW9L9SKhlZUL7kvOONek6Eal66iKjWFEX3A&oe=6A3DBA5B","https://www.instagram.com/p/DZcCLQVSCuO/"
"18117027865862317","Oalah gangguan kok sering 😭 tagihan naik","2026-06-20T10:31:28.000Z","fitriamalia383","https://scontent-lga3-1.cdninstagram.com/v/t51.2885-19/106111823_622734161669744_6299660008214387443_n.jpg?stp=dst-jpg_s150x150_tt6&_nc_cat=109&ccb=7-5&_nc_sid=f7ccc5&efg=eyJ2ZW5jb2RlX3RhZyI6InByb2ZpbGVfcGljLnd3dy43MTguQzMifQ%3D%3D&_nc_ohc=L7LpzSKqlmEQ7kNvwGxNCTV&_nc_oc=AdorhlHah-f4T88x92fiNlAx9KnBp1sFgg_0es7o1SwTI_O3AHbTG0eV_Yj4zn1KnYg&_nc_zt=24&_nc_ht=scontent-lga3-1.cdninstagram.com&_nc_ss=72689&oh=00_Af9r-ike4V2GzpkGTMcmDheyOkmnFX4dvtaMEkry5yETYA&oe=6A3DBD19","https://www.instagram.com/p/DZXSgCBT4Yb/"
"18083763572549664","Kapan lancarnya...tiap hari gangguan.
Padahal udah naik retribusinya","2026-06-16T07:36:18.000Z","sulkan996","https://scontent-lga3-3.cdninstagram.com/v/t51.2885-19/490296149_1602891370420056_6711870717810363854_n.jpg?stp=dst-jpg_s150x150_tt6&_nc_cat=102&ccb=7-5&_nc_sid=f7ccc5&efg=eyJ2ZW5jb2RlX3RhZyI6InByb2ZpbGVfcGljLnd3dy43MjAuQzMifQ%3D%3D&_nc_ohc=rwbqVAaRpk8Q7kNvwFDB1Yx&_nc_oc=Ado94LQY1uktidND73iSJxjTNXInll90kscKpj1g1KRwcaVRnqoMueRo4YhClOjeQ90&_nc_zt=24&_nc_ht=scontent-lga3-3.cdninstagram.com&_nc_ss=72689&oh=00_Af-Nz0vw4R9CmINj_1IFtIXXeDtIgR6YAaEHqVAdGSFXWg&oe=6A3DC9C1","https://www.instagram.com/p/DZXSgCBT4Yb/"
"17870693475619630","Sidotopo wetan min, sekarang tidak keluar samsek","2026-06-10T03:16:30.000Z","izatulmunaaa","https://scontent-lga3-3.cdninstagram.com/v/t51.82787-19/520693346_18467510095073265_451352212644313802_n.jpg?stp=dst-jpg_s150x150_tt6&_nc_cat=102&ccb=7-5&_nc_sid=f7ccc5&efg=eyJ2ZW5jb2RlX3RhZyI6InByb2ZpbGVfcGljLnd3dy4xMDgwLkMzIn0%3D&_nc_ohc=p14BNFhv3msQ7kNvwHHn9Br&_nc_oc=AdqGS0c7bd53fEsx75gy0s6_5zoaFEIH88k-w5skT1fd9T88VW42W25_MvLGDKWC-EQ&_nc_zt=24&_nc_ht=scontent-lga3-3.cdninstagram.com&_nc_gid=zq4rpxOX_JL_T0Rw2RWkog&_nc_ss=72689&oh=00_Af8Ar-NF-sr2pGDDxBOOOyx5_yrE5owKUwS4Ersnfere6w&oe=6A3DD4AF","https://www.instagram.com/p/DZXSgCBT4Yb/"
"18591423667012936","Alhamdulillah ikan cakalang tidak terdampak min.","2026-06-09T13:31:21.000Z","defkyff","https://scontent-lga3-1.cdninstagram.com/v/t51.2885-19/13732213_1034538579987419_1805230508_a.jpg?stp=dst-jpg_s150x150_tt6&_nc_cat=111&ccb=7-5&_nc_sid=f7ccc5&efg=eyJ2ZW5jb2RlX3RhZyI6InByb2ZpbGVfcGljLnd3dy4yMDAuQzMifQ%3D%3D&_nc_ohc=ExjQDUzX5XkQ7kNvwG5FqXH&_nc_oc=AdoStaH4oin7XsofPmp3rZoLgh4Fg07_qpNcGMyGT1hJU1d5_h47yKdSSTAETvqbPfY&_nc_zt=24&_nc_ht=scontent-lga3-1.cdninstagram.com&_nc_ss=72689&oh=00_Af8bm0nuJCH8Ry5XraXlwPw0jp6iu4vIAsosfNdp88GNow&oe=6A3DDB37","https://www.instagram.com/p/DZXSgCBT4Yb/"
"17914302867401730","kasian ikan² nya kalau airnya mengecil, bisa kehabisan nafas dong..😭😭","2026-06-09T13:14:24.000Z","monicatriaa","https://scontent-lga3-3.cdninstagram.com/v/t51.82787-19/589530917_18122553043529639_4171315247478346352_n.jpg?stp=dst-jpg_s150x150_tt6&_nc_cat=108&ccb=7-5&_nc_sid=f7ccc5&efg=eyJ2ZW5jb2RlX3RhZyI6InByb2ZpbGVfcGljLnd3dy4xMDgwLkMzIn0%3D&_nc_ohc=6VNjVJMFkqwQ7kNvwGTsSem&_nc_oc=AdpaBIJD4uST3ivD0NmILDBSJLwYoARSAHdXgvLIIM5SIGdvsMc-Pj0mjGizftauRYM&_nc_zt=24&_nc_ht=scontent-lga3-3.cdninstagram.com&_nc_gid=zq4rpxOX_JL_T0Rw2RWkog&_nc_ss=72689&oh=00_Af_JJhb_1yMMtTsHBXg3pl_qvAe_FenmF6a1qN5ZbRGgbQ&oe=6A3DAB6A","https://www.instagram.com/p/DZXSgCBT4Yb/"
"18529312015077745","Pelayanannya agak lama, keluhan yg sama terjadi berulang kali tanpa ada solusi lanjutan. Sekelas ibu kota provinsi jatim masa air sulit berasa dipapua aja.😢","2026-06-04T04:58:24.000Z","aikaranay","https://scontent-dfw5-1.cdninstagram.com/v/t51.89012-19/573323465_1219825463302212_7278921664109726296_n.jpg?stp=dst-jpg_s150x150_tt6&_nc_cat=1&ccb=7-5&_nc_sid=f7ccc5&efg=eyJ2ZW5jb2RlX3RhZyI6InByb2ZpbGVfcGljLnd3dy5DMyJ9&_nc_ohc=EkQi9fN4D_8Q7kNvwE4Oese&_nc_oc=AdqMZs4Ol1aYYsUT9GmQRiry9YBNwoZaIu5GQro3AJplASX6Z1BhRLjLdp7TkWyxeiU&_nc_zt=24&_nc_ht=scontent-dfw5-1.cdninstagram.com&_nc_gid=0lp_hfL9gXuyVFVoPUPF3Q&_nc_ss=72a8c&oh=00_Af8kwodmsxa9QqwoGgxKDUMef4b2_CxpRzuMSXwewIEiRQ&oe=6A3DCFE2","https://www.instagram.com/p/DZHhmnZTD3_/"
"18013758770893596","Air mampet anying belom di tindak lanjutin","2026-06-03T17:06:58.000Z","ahmdrfky23","https://scontent-dfw5-2.cdninstagram.com/v/t51.82787-19/721625400_18404740213157091_373945007164291189_n.jpg?stp=dst-jpg_s150x150_tt6&_nc_cat=107&ccb=7-5&_nc_sid=f7ccc5&efg=eyJ2ZW5jb2RlX3RhZyI6InByb2ZpbGVfcGljLnd3dy4xMDgwLkMzIn0%3D&_nc_ohc=-0yKgrNhPpAQ7kNvwFEr548&_nc_oc=AdpFqUqiiX2rQI-vGtQjE09fI9kGIHyUPJK6ozm9XDfIGQ_1Ixm8_gbZryOzjgtRupQ&_nc_zt=24&_nc_ht=scontent-dfw5-2.cdninstagram.com&_nc_gid=0lp_hfL9gXuyVFVoPUPF3Q&_nc_ss=72a8c&oh=00_Af8F-SG7c30Dx1wD8iJ58r77Re_hX1IUu61KNTkZQ-oPbA&oe=6A3DDE7E","https://www.instagram.com/p/DZHhmnZTD3_/"
"18103607771063270","Pak @louisgatu saya tunggu penyelesaiannya diwilayah kami, jangan hanya obrolan ya pak, terimakasih.","2026-06-03T12:47:31.000Z","fungkywijaya_fw","https://scontent-dfw6-1.cdninstagram.com/v/t51.2885-19/262719565_517407139719964_7957770888471711425_n.jpg?stp=dst-jpg_s150x150_tt6&_nc_cat=101&ccb=7-5&_nc_sid=f7ccc5&efg=eyJ2ZW5jb2RlX3RhZyI6InByb2ZpbGVfcGljLnd3dy43NDYuQzMifQ%3D%3D&_nc_ohc=TgU2krZCHIEQ7kNvwGI6ORI&_nc_oc=AdqT2Kevq_U1uANCYGUnuI2rEpQncpbuQ7RmA5w0313h3CgFsA4boPXkO7EPS55yCDw&_nc_zt=24&_nc_ht=scontent-dfw6-1.cdninstagram.com&_nc_ss=72a8c&oh=00_Af_Ofrtha1O_ruWQ4GWwjgqkgXr02IENx1_lVeRCApXoPw&oe=6A3DC49B","https://www.instagram.com/p/DZHhmnZTD3_/"
"18088292702074805","Keren ai disemua kini 😍","2026-06-03T11:00:30.000Z","why.rdnt","https://scontent-dfw5-2.cdninstagram.com/v/t51.82787-19/671252776_17923673919285215_3378446907741685052_n.jpg?stp=dst-jpg_s150x150_tt6&_nc_cat=100&ccb=7-5&_nc_sid=f7ccc5&efg=eyJ2ZW5jb2RlX3RhZyI6InByb2ZpbGVfcGljLnd3dy4xMDgwLkMzIn0%3D&_nc_ohc=mKIP0X40h5kQ7kNvwFsH_LB&_nc_oc=Adp8u7gAvRF5EARALjob2_jIcUoNguGPqLSQabrfMOUH9768IvTkOXW63l1eIOZA8a0&_nc_zt=24&_nc_ht=scontent-dfw5-2.cdninstagram.com&_nc_gid=0lp_hfL9gXuyVFVoPUPF3Q&_nc_ss=72a8c&oh=00_Af8iDkCdDIVAxPimw2iKPVvxr-q8YyKp_BBp5ZLPK8NWpw&oe=6A3DB700","https://www.instagram.com/p/DZHhmnZTD3_/"
"18191495281328917","Keren pak @louisgatu 😍👏👏👏","2026-06-03T09:27:39.000Z","kharistiano28","https://scontent-dfw5-2.cdninstagram.com/v/t51.82787-19/612540492_18549564790038891_3946402320234111458_n.jpg?stp=dst-jpg_s150x150_tt6&_nc_cat=104&ccb=7-5&_nc_sid=f7ccc5&efg=eyJ2ZW5jb2RlX3RhZyI6InByb2ZpbGVfcGljLnd3dy4xMDgwLkMzIn0%3D&_nc_ohc=mK65wgasMLAQ7kNvwH5qTZ6&_nc_oc=AdopsPeVdwYsCH1zMJ6-bcYmc-7HjQOSau0rU2LlZygc54N7G6ew8LeE2llCqYGbxPo&_nc_zt=24&_nc_ht=scontent-dfw5-2.cdninstagram.com&_nc_gid=0lp_hfL9gXuyVFVoPUPF3Q&_nc_ss=72a8c&oh=00_Af_CciTLWn2JYPLQSfqL_DTeQy7f0Agsj2loT-wpycL-QQ&oe=6A3DA9D8","https://www.instagram.com/p/DZHhmnZTD3_/"
"18138608326481173","sampai jam brp ya min, ini surabaya barat keluar airnya kecil jg","2026-06-15T10:30:26.000Z","hal.obear","https://scontent-det1-1.cdninstagram.com/v/t51.89012-19/573323465_1219825463302212_7278921664109726296_n.jpg?stp=dst-jpg_s150x150_tt6&_nc_cat=1&ccb=7-5&_nc_sid=f7ccc5&efg=eyJ2ZW5jb2RlX3RhZyI6InByb2ZpbGVfcGljLnd3dy5DMyJ9&_nc_ohc=EkQi9fN4D_8Q7kNvwHiudd7&_nc_oc=AdqvUNTOzBQJaeBn1z2K_14EjTWRwGhHJS1wix4pCAV3HxAPImEBbxVZzVNpti45HNs&_nc_zt=24&_nc_ht=scontent-det1-1.cdninstagram.com&_nc_gid=6Tr8bCb7KMhTyU93KfuU_A&_nc_ss=72a8c&oh=00_Af8es_ICf1MXjhmYleGBt_CSUpHNV1BC15iHDVo7VDqZuA&oe=6A3DCFE2","https://www.instagram.com/p/DZmGJ-BTxQ_/"
"18057039473734079","Ini simo gunung barat kok mati total dari subuh, katanya jam 7 malam, kok pagi mati, kebiasaaan pdam, selalaaauuuuu","2026-06-10T23:02:05.000Z","ikayuniasih","https://scontent-iad6-1.cdninstagram.com/v/t51.82787-19/726868511_18599422216005317_258850480547060257_n.jpg?stp=dst-jpg_s150x150_tt6&_nc_cat=102&ccb=7-5&_nc_sid=f7ccc5&efg=eyJ2ZW5jb2RlX3RhZyI6InByb2ZpbGVfcGljLnd3dy4xMDgwLkMzIn0%3D&_nc_ohc=T9fSQVgAdowQ7kNvwEY9DZi&_nc_oc=AdpP6bb7K2vSmsPtY4g26aABhtddMxqcEF3XqcyIYeYyyikov9RR4NniFD7UP3npvgE&_nc_zt=24&_nc_ht=scontent-iad6-1.cdninstagram.com&_nc_gid=ENkXqxfMDnZ6A7z-9EIgBw&_nc_ss=72a8c&oh=00_Af8zSuubT-4Hmji7RWg9vchC67PUOPFcmJUB-h-7tKlvag&oe=6A3DB9DD","https://www.instagram.com/p/DZZt8kaz-_m/"
"18094032044586607","Nyusahno wong ae","2026-06-10T23:01:14.000Z","aguskoeswoyo24","https://scontent-iad3-1.cdninstagram.com/v/t51.2885-19/273436318_147458014389198_203377041607532269_n.jpg?stp=dst-jpg_s150x150_tt6&_nc_cat=108&ccb=7-5&_nc_sid=f7ccc5&efg=eyJ2ZW5jb2RlX3RhZyI6InByb2ZpbGVfcGljLnd3dy4xMDgwLkMzIn0%3D&_nc_ohc=d30g-3-e-B0Q7kNvwE8c238&_nc_oc=AdoJPOQjpJ6IHuFsTQgyHlMnN6-lAyOyAAM70CZfPPTUM06dVTNcX1-oskeUy5n4mhU&_nc_zt=24&_nc_ht=scontent-iad3-1.cdninstagram.com&_nc_ss=72a8c&oh=00_Af9lVTzt_VAiyVlNy_ew5X2Rw2Hel80Et5IioWOp_2VfZA&oe=6A3DC680","https://www.instagram.com/p/DZZt8kaz-_m/"
"17976085505880632","Weee kok gaada pemberitahuan ini yaa kalo mati , KEBIASAAN BURUK","2026-06-10T22:57:46.000Z","debbylav_","https://scontent-iad3-1.cdninstagram.com/v/t51.82787-19/723883543_18536038405078874_6277961616762250333_n.jpg?stp=dst-jpg_s150x150_tt6&_nc_cat=101&ccb=7-5&_nc_sid=f7ccc5&efg=eyJ2ZW5jb2RlX3RhZyI6InByb2ZpbGVfcGljLnd3dy4xMDgwLkMzIn0%3D&_nc_ohc=_GXEMcPdczgQ7kNvwFy1ui9&_nc_oc=AdrfZHyzppoNtGuKVwhxDswRT4rIF5j4w5zDwSm0Ls8tq86VsC0reSQfOqtCopArBpo&_nc_zt=24&_nc_ht=scontent-iad3-1.cdninstagram.com&_nc_gid=ENkXqxfMDnZ6A7z-9EIgBw&_nc_ss=72a8c&oh=00_Af9bj5r4XSvZArwiWpjDJcO6qWrSgA7ZPLOpfdLoGsjoIA&oe=6A3DD733","https://www.instagram.com/p/DZZt8kaz-_m/"
"17939354940057593","SIMO GUNUNG MATI TOTAL DARI SUBUH","2026-06-10T22:49:57.000Z","me.gasilvi_a","https://scontent-iad3-1.cdninstagram.com/v/t51.82787-19/541952638_18371168953195148_8820478474671827384_n.jpg?stp=dst-jpg_s150x150_tt6&_nc_cat=101&ccb=7-5&_nc_sid=f7ccc5&efg=eyJ2ZW5jb2RlX3RhZyI6InByb2ZpbGVfcGljLnd3dy4xMDgwLkMzIn0%3D&_nc_ohc=nPjZe2ZFQcoQ7kNvwG8Mfqj&_nc_oc=Ado6BpknTdtKXsom1PIgSxKSz8ef8gsWArrcy-zHv1iKWwE0idsAOsVMSyzElSIyeJ8&_nc_zt=24&_nc_ht=scontent-iad3-1.cdninstagram.com&_nc_gid=ENkXqxfMDnZ6A7z-9EIgBw&_nc_ss=72a8c&oh=00_Af_TxiuNI-0I5zmIKokkMB5mIrCZv_vwlackL_4tYpe6uQ&oe=6A3DD949","https://www.instagram.com/p/DZZt8kaz-_m/"
"17863611702651655","yg di curi apanya. air tiap hari kotor banyak. pasir !!!","2026-06-08T10:33:49.000Z","bambang_sutjahyo","https://scontent-ord5-1.cdninstagram.com/v/t51.2885-19/398990428_6609709189126429_8769935896207793278_n.jpg?stp=dst-jpg_s150x150_tt6&_nc_cat=108&ccb=7-5&_nc_sid=f7ccc5&efg=eyJ2ZW5jb2RlX3RhZyI6InByb2ZpbGVfcGljLnd3dy45NTYuQzMifQ%3D%3D&_nc_ohc=M6IUyU9ktyYQ7kNvwGmOMOf&_nc_oc=AdqRgGWTjNoZFoQf8kkuTWosw53k7v8pVE0TP3BXDy4qPNHHrLt1zGufxLmWy5Dx81I&_nc_zt=24&_nc_ht=scontent-ord5-1.cdninstagram.com&_nc_ss=72a8c&oh=00_Af9lTdtLdQ-n1XmgL0XjYHHn0oKbjxObJG5OQRLTtFyH9A&oe=6A3DDC08","https://www.instagram.com/p/DZTpgwmTdiU/"
"17887031502395923",". Akhir Akhir Ini Air Nya Kadang Keruh. Kadang Nggak ??? Kenapa Yaa. !!! Daerah Semampir , Surabaya Utara. Mohon Di Tindak Lanjuti. Terima Kasih @pdamsuryasembada","2026-06-08T02:48:18.000Z","masykur_34","https://scontent-ord5-3.cdninstagram.com/v/t51.75761-19/508081110_18465438475072569_209912364509884482_n.jpg?stp=dst-jpg_s150x150_tt6&_nc_cat=109&ccb=7-5&_nc_sid=f7ccc5&efg=eyJ2ZW5jb2RlX3RhZyI6InByb2ZpbGVfcGljLnd3dy43MjAuQzMifQ%3D%3D&_nc_ohc=v4rH9RRB4UcQ7kNvwF5m25o&_nc_oc=Adqcf8eCtl9gWcLzzoSPCBnKymC3QmNLqAsYzMuvi2lkQCNe_xFDcqii2_z7zDh97DE&_nc_zt=24&_nc_ht=scontent-ord5-3.cdninstagram.com&_nc_gid=WuWcV_lzLB7cjBOF3NDlBA&_nc_ss=72a8c&oh=00_Af8K-9Me0Rs3K-0-Wlr-qPpTwdy6soidmaqPl9UHxFaCIg&oe=6A3DBE63","https://www.instagram.com/p/DZTpgwmTdiU/"
"17888042634551420","Halo kak, saya sudah mengajukan pemasangan PDAM baru dari 2 bulan lalu kok ngga ada tanggapan ya?","2026-06-02T06:16:20.000Z","hanifahmustika_","https://scontent-lga3-2.cdninstagram.com/v/t51.82787-19/693234131_18589167412000395_8094471712798713592_n.jpg?stp=dst-jpg_s150x150_tt6&_nc_cat=100&ccb=7-5&_nc_sid=f7ccc5&_nc_aid=0&efg=eyJ2ZW5jb2RlX3RhZyI6InByb2ZpbGVfcGljLnd3dy4xMDgwLkMzIn0%3D&_nc_ohc=LaaDh3sFksgQ7kNvwEbmV-B&_nc_oc=AdqD8aQRuWDi9IbLkwMQj7AAYSZ1gHCi7iVdSyQ1PnW-yjkDr-mzV8Cl7X7ive8ffZ0&_nc_zt=24&_nc_ht=scontent-lga3-2.cdninstagram.com&_nc_gid=yBjIhW9ryxUhkhGICVAKkQ&_nc_ss=72a8c&oh=00_Af8PTZks1ZwH093kjgLVHuuSOYZjmT1sPlW4YeJ7wnQGAQ&oe=6A3DC179","https://www.instagram.com/p/DZEOLERTBk0/"
"18081726245170141","Min...Mhn info ttg denda keterlambatan...terima kasih😍","2026-06-02T02:14:01.000Z","umdatussoleha","https://scontent-lga3-3.cdninstagram.com/v/t51.2885-19/10449018_372132846300841_1407243538_a.jpg?_nc_cat=108&ccb=7-5&_nc_sid=f7ccc5&efg=eyJ2ZW5jb2RlX3RhZyI6InByb2ZpbGVfcGljLnd3dy4xNTAuQzMifQ%3D%3D&_nc_ohc=3lEvrYzWDQ0Q7kNvwFIFobw&_nc_oc=AdqIowGgegMje-GVoYtOUTVwXooa9WBFWiRNtHIFiO9dvJTaHP0QPoIJLHxpuUShhCg&_nc_zt=24&_nc_ht=scontent-lga3-3.cdninstagram.com&_nc_ss=72a8c&oh=00_Af9s-54SBhUwyZi05FtkRpOob1rrmxNR9OkRxU_XGr-Lug&oe=6A3DAE3E","https://www.instagram.com/p/DZEOLERTBk0/"
"18068032175399087","Dr kmrn sampai saat ini area tambak wedi ga keluar air nya pak 😭","2026-06-04T10:29:18.000Z","memerrywrw","https://scontent-ord5-3.cdninstagram.com/v/t51.82787-19/526908084_18519475267026072_8555040117209466581_n.jpg?stp=dst-jpg_s150x150_tt6&_nc_cat=107&ccb=7-5&_nc_sid=f7ccc5&efg=eyJ2ZW5jb2RlX3RhZyI6InByb2ZpbGVfcGljLnd3dy4xMDgwLkMzIn0%3D&_nc_ohc=ErljvYL9y_sQ7kNvwEkpMzp&_nc_oc=AdqARLQzq5j1bLLMcIPNquztTPDGfdQ5uhpLn2aQ30BdlZ3JX9O-LOBN43-OKcGI2p0&_nc_zt=24&_nc_ht=scontent-ord5-3.cdninstagram.com&_nc_gid=TYdkdT7UR4rKY9oIWqsGYg&_nc_ss=72a8c&oh=00_Af8U7voXeepnSJCX6fG1Sr5AK0PCM0Es82EtAray5MWOdA&oe=6A3DE1B0","https://www.instagram.com/p/DZFqlKfzkaj/"
"18028997720813296","Maaf jam berapa selesainya daerah tubanan","2026-06-03T03:52:23.000Z","nndmr.sra","https://scontent-ord5-1.cdninstagram.com/v/t51.82787-19/696499983_17986173891003453_6963378687016487561_n.jpg?stp=dst-jpg_s150x150_tt6&_nc_cat=111&ccb=7-5&_nc_sid=f7ccc5&efg=eyJ2ZW5jb2RlX3RhZyI6InByb2ZpbGVfcGljLnd3dy4xMDgwLkMzIn0%3D&_nc_ohc=DuARwTCS_B8Q7kNvwGcIfFE&_nc_oc=AdpATe7PESpxnMX1fNyrsLncqmW68jmPLR0L8z1Dp8uzUC_QyzBrROOouarykGQH_bg&_nc_zt=24&_nc_ht=scontent-ord5-1.cdninstagram.com&_nc_gid=TYdkdT7UR4rKY9oIWqsGYg&_nc_ss=72a8c&oh=00_Af824BQh-JFRCzHXqoY7gf4odHB93xZv4JhJgBdMMJ4aZg&oe=6A3DC2B2","https://www.instagram.com/p/DZFqlKfzkaj/"
"18012301247906976","0800-192-6666 tidak terdaftar nomornya min","2026-06-03T01:26:10.000Z","yochan100","https://scontent.cdninstagram.com/v/t51.89012-19/573323465_1219825463302212_7278921664109726296_n.jpg?stp=dst-jpg_s150x150_tt6&_nc_cat=1&ccb=7-5&_nc_sid=f7ccc5&efg=eyJ2ZW5jb2RlX3RhZyI6InByb2ZpbGVfcGljLnd3dy5DMyJ9&_nc_ohc=EkQi9fN4D_8Q7kNvwF0LkQj&_nc_oc=Adp-ArlSnjDuHmSNBnU-VMqpL4Ff4EBqXNoFeAgZU0E_UKsyKTljScEz5xcX4_05v9s&_nc_zt=24&_nc_ht=scontent.cdninstagram.com&_nc_gid=TYdkdT7UR4rKY9oIWqsGYg&_nc_ss=72a8c&oh=00_Af-4VJEc2orGj2i4hXCD0Be50CZTdNcU-HvH2OpQrU5R_w&oe=6A3DCFE2","https://www.instagram.com/p/DZFqlKfzkaj/"
"17886704928559989","perbaikannya jam brp pak selesai nya?","2026-06-03T00:07:36.000Z","agustina_lindawati","https://scontent-ord5-1.cdninstagram.com/v/t51.82787-19/601621651_18104106151672131_5362519094563068681_n.jpg?stp=dst-jpg_s150x150_tt6&_nc_cat=111&ccb=7-5&_nc_sid=f7ccc5&efg=eyJ2ZW5jb2RlX3RhZyI6InByb2ZpbGVfcGljLnd3dy4xMDgwLkMzIn0%3D&_nc_ohc=XOIR1uyGrO0Q7kNvwH4v2sE&_nc_oc=Adph7K7ZPqJHxADPGdHeojGRxKYmIuP5hIT838KIoSJUu3m0TOmml1RXhcskTdqGRAs&_nc_zt=24&_nc_ht=scontent-ord5-1.cdninstagram.com&_nc_gid=TYdkdT7UR4rKY9oIWqsGYg&_nc_ss=72a8c&oh=00_Af9nR_zImfhZHGxc0L56Ty8eO6JPM34_BGp3uVHu2A5shA&oe=6A3DCD12","https://www.instagram.com/p/DZFqlKfzkaj/"
"17883444477583276","pak kok blm nyala airnya😢😢😢","2026-06-02T23:36:41.000Z","allisyarafaelaa","https://scontent-ord5-2.cdninstagram.com/v/t51.82787-19/713103617_18366197944228804_3041733862051141923_n.jpg?stp=dst-jpg_s150x150_tt6&_nc_cat=105&ccb=7-5&_nc_sid=f7ccc5&efg=eyJ2ZW5jb2RlX3RhZyI6InByb2ZpbGVfcGljLnd3dy4xMDgwLkMzIn0%3D&_nc_ohc=kXO2mel1b2AQ7kNvwFpoFx-&_nc_oc=Ado0pNk6Ty3nlKEk-RsycN_UIFbEmVFEPrm93JVeSDwaui0jOteYwqrzTRoeja0cRTw&_nc_zt=24&_nc_ht=scontent-ord5-2.cdninstagram.com&_nc_gid=TYdkdT7UR4rKY9oIWqsGYg&_nc_ss=72a8c&oh=00_Af_6970MagmOuYQVHnr-Kz1J0vvQff7E8gDf5VgmrEcvQg&oe=6A3DB576","https://www.instagram.com/p/DZFqlKfzkaj/"
"18100661153278658","Sampai kapan nih sampai sekarang kok belum nyala 😮😮","2026-06-02T22:59:38.000Z","m_a.s_ndhowe","https://scontent-ord5-1.cdninstagram.com/v/t51.2885-19/398233777_1087298559292838_1906392277628475291_n.jpg?stp=dst-jpg_s150x150_tt6&_nc_cat=101&ccb=7-5&_nc_sid=f7ccc5&efg=eyJ2ZW5jb2RlX3RhZyI6InByb2ZpbGVfcGljLnd3dy45NjAuQzMifQ%3D%3D&_nc_ohc=R6nD3fLhv6MQ7kNvwGt6aE_&_nc_oc=Adr5tTFHnW2lb9zrrCH9xta39l9q_PRIsAA_0PVB8D-HKYO0EpHiTRUcNaOyto7pp6I&_nc_zt=24&_nc_ht=scontent-ord5-1.cdninstagram.com&_nc_ss=72a8c&oh=00_Af_oO2UQXIt53JogYHP2CVkxcjpKBnxitvShMJzWUqU3wg&oe=6A3DCEFC","https://www.instagram.com/p/DZFqlKfzkaj/"
"18319689100273146","Mohon maaf pak direktur, wilayah kami terdampak susah air, sudah lama, sudah pengaduan, sudah pelaporan, berkali kali sejak awal 2026, tapi tidak ada perubahan sama sekali, kita berkewajiban bayar iuran, telat bayar kena denda, tapi disaat ada keluhan, tidak ada penyelesaian. Anda @pdamsuryasembada perusahaan jasa penyedia air bersih kota surabaya, tapi pelayanan seperti ini 😢😢😢, Payah.!!!","2026-06-02T22:53:12.000Z","fungkywijaya_fw","https://scontent-ord5-1.cdninstagram.com/v/t51.2885-19/262719565_517407139719964_7957770888471711425_n.jpg?stp=dst-jpg_s150x150_tt6&_nc_cat=101&ccb=7-5&_nc_sid=f7ccc5&efg=eyJ2ZW5jb2RlX3RhZyI6InByb2ZpbGVfcGljLnd3dy43NDYuQzMifQ%3D%3D&_nc_ohc=TgU2krZCHIEQ7kNvwHgVvnA&_nc_oc=Ado3fwdiDs6VzKKJ-xgZr8k9L-n-zFlWtaVEs2YmPv9Ev52E1ni7IyiXCEo0Tl61-YA&_nc_zt=24&_nc_ht=scontent-ord5-1.cdninstagram.com&_nc_ss=72a8c&oh=00_Af9mdidtm6HfUWEbvi_0Gay6kDqYGhxrLoCVQuwmdXIaJQ&oe=6A3DC49B","https://www.instagram.com/p/DZFqlKfzkaj/"
"18096280151603332","Selesainya kapan ya? @pdamsuryasembada","2026-06-02T21:13:03.000Z","oktavianadwirhy","https://scontent-ord5-2.cdninstagram.com/v/t51.82787-19/600474897_18519991201064523_7641427061204191361_n.jpg?stp=dst-jpg_s150x150_tt6&_nc_cat=105&ccb=7-5&_nc_sid=f7ccc5&efg=eyJ2ZW5jb2RlX3RhZyI6InByb2ZpbGVfcGljLnd3dy4xMDgwLkMzIn0%3D&_nc_ohc=Jjgai7P1v1kQ7kNvwGUosaM&_nc_oc=Adqskl_gShqKui3Dja8h0kpl_RlKReFAANpT_DdoT7oX5cvWgMBf0uXsFG68dzmATyI&_nc_zt=24&_nc_ht=scontent-ord5-2.cdninstagram.com&_nc_gid=TYdkdT7UR4rKY9oIWqsGYg&_nc_ss=72a8c&oh=00_Af-7dsgDxglEp-pNX9QayB1sZEiXS8sXRK6DdR2cW2JtwA&oe=6A3DC482","https://www.instagram.com/p/DZFqlKfzkaj/"
"17942063550213180","untuk pengerjaan ini apa sudah selesai ya karena di tempat saya manyar tirtoyoso selatan V sampai sekarang air nya kecil sekali","2026-06-13T12:51:59.000Z","jeffrilimas","https://scontent.cdninstagram.com/v/t51.2885-19/61793743_474602129956604_3905529846628876288_n.jpg?stp=dst-jpg_s150x150_tt6&_nc_cat=108&ccb=7-5&_nc_sid=f7ccc5&efg=eyJ2ZW5jb2RlX3RhZyI6InByb2ZpbGVfcGljLnd3dy4xMDgwLkMzIn0%3D&_nc_ohc=EtKebndKLCsQ7kNvwHryPVc&_nc_oc=AdquBfF9HG0dZi5jiENpp8V4KDKy-BUJC7KSGResl1YZg-7W0eAbsWYa5sP43fmp_hc&_nc_zt=24&_nc_ht=scontent.cdninstagram.com&_nc_ss=72a8c&oh=00_Af9krGN5LYYq78QDoe6WYryMHejH7WrABEkwprk2ajIObg&oe=6A3DB51C","https://www.instagram.com/p/DZaHFuRT32n/"
"18105780127968382","min gamau ngasih edaran atau pengumuman lgsg ke kecamatan ta? dikira algoritma instagram lgsg muncul di TLnya orang2","2026-06-11T00:41:01.000Z","sulton_st","https://scontent.cdninstagram.com/v/t51.2885-19/491463728_1363517998261967_6637050345991870742_n.jpg?stp=dst-jpg_s150x150_tt6&_nc_cat=109&ccb=7-5&_nc_sid=f7ccc5&efg=eyJ2ZW5jb2RlX3RhZyI6InByb2ZpbGVfcGljLnd3dy4xMDgwLkMzIn0%3D&_nc_ohc=46uhriqoV28Q7kNvwHQU7Az&_nc_oc=AdotkyALJzRY0t9i31MwO3u7dHzd6m3ibWLKOA1wz7Wmc7fnhuJVU2ASN7S9pOqGhnw&_nc_zt=24&_nc_ht=scontent.cdninstagram.com&_nc_ss=72a8c&oh=00_Af-vJc-dkonoVBfZvYeHVHOjFRn0X2848bNZpFjFRuEU-w&oe=6A3DAC7A","https://www.instagram.com/p/DZaHFuRT32n/"
"18443681017139280","Ini daerah simo gunung barat kok airnya mati pagi2, gimana ini","2026-06-10T23:01:25.000Z","ikayuniasih","https://scontent.cdninstagram.com/v/t51.82787-19/726868511_18599422216005317_258850480547060257_n.jpg?stp=dst-jpg_s150x150_tt6&_nc_cat=102&ccb=7-5&_nc_sid=f7ccc5&efg=eyJ2ZW5jb2RlX3RhZyI6InByb2ZpbGVfcGljLnd3dy4xMDgwLkMzIn0%3D&_nc_ohc=T9fSQVgAdowQ7kNvwGc2ecw&_nc_oc=Adr0nTByK8nthoiBRqskbJhpumO2JPD0TY2A4Lu3h1YywzOam6oJIBJTXuiZnd5dtaY&_nc_zt=24&_nc_ht=scontent.cdninstagram.com&_nc_gid=Mco5aYJjEFToFkozwnaIcQ&_nc_ss=72a8c&oh=00_Af_7Xu_xp_4rVoOw5TtOoHQnM0uAQ3fnCdiKKVPAzVULrw&oe=6A3DB9DD","https://www.instagram.com/p/DZaHFuRT32n/"
"18114385426852854","Kebraon emg cilik ta min banyune","2026-06-10T16:46:04.000Z","cabeutifull","https://scontent.cdninstagram.com/v/t51.82787-19/519619031_18089793727726768_5798745599386154480_n.jpg?stp=dst-jpg_s150x150_tt6&_nc_cat=107&ccb=7-5&_nc_sid=f7ccc5&efg=eyJ2ZW5jb2RlX3RhZyI6InByb2ZpbGVfcGljLnd3dy4xMDgwLkMzIn0%3D&_nc_ohc=_QRTwx7EjCcQ7kNvwGkHXPz&_nc_oc=Ado2id0P6Yi0ffZsgzdnpf3RfCGFQN8mj5LdDddoyOgHirXXKJiVT1gHnZrKjDrJ8C4&_nc_zt=24&_nc_ht=scontent.cdninstagram.com&_nc_gid=Mco5aYJjEFToFkozwnaIcQ&_nc_ss=72a8c&oh=00_Af-OXgzFzv1COjTNiULg53zGQdpdRTSYVi1sKKDwD0uWNw&oe=6A3DCB78","https://www.instagram.com/p/DZaHFuRT32n/"
"18100666070137711","Tambak Wedi juga gak nyala rabu","2026-06-17T16:23:59.000Z","fia_navita","https://scontent-lax3-2.cdninstagram.com/v/t51.82787-19/716570895_18095365688465955_5219691109839452474_n.jpg?stp=dst-jpg_s150x150_tt6&_nc_cat=107&ccb=7-5&_nc_sid=f7ccc5&efg=eyJ2ZW5jb2RlX3RhZyI6InByb2ZpbGVfcGljLnd3dy4xMDgwLkMzIn0%3D&_nc_ohc=21S4f-0snlYQ7kNvwHsl5Pr&_nc_oc=AdpEWC9lk_LXIGIqKNjUyQ0SHV5UHy104EIrrj4NlI_2NGZF-H1Uh0W51mSEVTRic74&_nc_zt=24&_nc_ht=scontent-lax3-2.cdninstagram.com&_nc_gid=CRPp1jDJbuPCwbHdT178Wg&_nc_ss=72689&oh=00_Af-jpUZDMfrwESSQLQM_UERdWBZgcqcRu64SUj1tLHIt6A&oe=6A3DCAB2","https://www.instagram.com/p/DZq5iSSTV7A/"
"18125936488655753","Info malang (lawang) PDAM kok mati?","2026-06-17T09:03:11.000Z","dis__fin","https://scontent-lax7-1.cdninstagram.com/v/t51.89012-19/573323465_1219825463302212_7278921664109726296_n.jpg?stp=dst-jpg_s150x150_tt6&_nc_cat=1&ccb=7-5&_nc_sid=f7ccc5&efg=eyJ2ZW5jb2RlX3RhZyI6InByb2ZpbGVfcGljLnd3dy5DMyJ9&_nc_ohc=EkQi9fN4D_8Q7kNvwGqy0wS&_nc_oc=Adpqx4ZTRVww-TaHRyGOqIDtpCk5rhbErEKG2DE858nfjf861r8cHrTRg7B7zAhVcZ0&_nc_zt=24&_nc_ht=scontent-lax7-1.cdninstagram.com&_nc_gid=CRPp1jDJbuPCwbHdT178Wg&_nc_ss=72689&oh=00_Af9yqaU8-WkBjFvoNIcyY0tfISmTCgTGKKsQLd2bhBVRlw&oe=6A3DCFE2","https://www.instagram.com/p/DZq5iSSTV7A/"
"18111136913302359","Min info loker sipil dong","2026-06-17T07:01:42.000Z","aurick14","https://scontent-lax3-1.cdninstagram.com/v/t51.82787-19/722974193_18108071381484655_6337913088470661705_n.jpg?stp=dst-jpg_s150x150_tt6&_nc_cat=110&ccb=7-5&_nc_sid=f7ccc5&efg=eyJ2ZW5jb2RlX3RhZyI6InByb2ZpbGVfcGljLnd3dy4xMDgwLkMzIn0%3D&_nc_ohc=_C_mHs_9zDQQ7kNvwH00ERr&_nc_oc=Adr4Fo7dqz5iAYYMpCR2qBr_di1PlJ1TNtZm6kjp7Hy5ALCS7sO3Nuuih885xvoTexE&_nc_zt=24&_nc_ht=scontent-lax3-1.cdninstagram.com&_nc_gid=CRPp1jDJbuPCwbHdT178Wg&_nc_ss=72689&oh=00_Af97TFYQ-IBq-rp0Sv7ZNBI9QFpRcZXGmeK1m_Bq_QW8vg&oe=6A3DC941","https://www.instagram.com/p/DZq5iSSTV7A/"
"18129511357538760","Amin info biaya pemasangan baru berapa wilayah surabaya","2026-06-17T04:09:50.000Z","abdma_lik98","https://scontent-lax3-1.cdninstagram.com/v/t51.82787-19/572795107_17985558668864174_5685107453087969254_n.jpg?stp=dst-jpg_s150x150_tt6&_nc_cat=108&ccb=7-5&_nc_sid=f7ccc5&efg=eyJ2ZW5jb2RlX3RhZyI6InByb2ZpbGVfcGljLnd3dy4xMDgwLkMzIn0%3D&_nc_ohc=EjqT3skni3oQ7kNvwG37TT8&_nc_oc=AdqEV9XfPoagQ7SibQu54SBR3443BTqiB_aAWr0UqszhPrwqgDtsEAMNNmA7mvY6qyo&_nc_zt=24&_nc_ht=scontent-lax3-1.cdninstagram.com&_nc_gid=CRPp1jDJbuPCwbHdT178Wg&_nc_ss=72689&oh=00_Af_dZmCUZAexeBlqOCOTey13poI-oVgeCmQBpWCjvnyXHw&oe=6A3DD46A","https://www.instagram.com/p/DZq5iSSTV7A/"
"17912427273225007","Embong belimbing alirannya kecillll","2026-06-21T01:42:26.000Z","mariskaannastasia","https://scontent-dfw5-1.cdninstagram.com/v/t51.2885-19/310980764_1068337923876846_8759430756144447682_n.jpg?stp=dst-jpg_s150x150_tt6&_nc_cat=105&ccb=7-5&_nc_sid=f7ccc5&efg=eyJ2ZW5jb2RlX3RhZyI6InByb2ZpbGVfcGljLnd3dy4xMDgwLkMzIn0%3D&_nc_ohc=1u6VLIWcEN4Q7kNvwEsFNk0&_nc_oc=AdpFMZdfGlSv99gm2O6hFiJBhOKSmCOn4zrvDD9_awULWpxwoL6fWELCQkZAfLGxv1E&_nc_zt=24&_nc_ht=scontent-dfw5-1.cdninstagram.com&_nc_ss=72a8c&oh=00_Af_1_G7xFIMSyODI_zI0iKHSrWZ-FXIaN7uwqh7HxNm3HA&oe=6A3DCAC6","https://www.instagram.com/p/DZzVnSByMGl/"
"18012965288906702","Gringsing kenek sisan ta lur","2026-06-20T22:37:54.000Z","moch_fauzih13","https://scontent-dfw5-2.cdninstagram.com/v/t51.82787-19/715435445_18070273490673449_644989265942459812_n.jpg?stp=dst-jpg_s150x150_tt6&_nc_cat=107&ccb=7-5&_nc_sid=f7ccc5&efg=eyJ2ZW5jb2RlX3RhZyI6InByb2ZpbGVfcGljLnd3dy4xMDc2LkMzIn0%3D&_nc_ohc=eZtUWN_Mue0Q7kNvwEweSE8&_nc_oc=AdqeWZDnrbJ6h6g8kDLvmV7HlpqQ16IJ9MtKFTCXGYQYgw6Gm_VIxoxt-G1UiQuJlUg&_nc_zt=24&_nc_ht=scontent-dfw5-2.cdninstagram.com&_nc_gid=fcfFtvUcoVfV8LS65JmcKQ&_nc_ss=72a8c&oh=00_Af8Y-xqtIioAtNWshjcjO7qQZVTV1P_DmDwLbIkYxsrF6w&oe=6A3DB34D","https://www.instagram.com/p/DZzVnSByMGl/"
"18094424102618145","Air sudah mengalir tapi keruh sangat pak...","2026-06-20T14:26:53.000Z","aghni_30917","https://scontent-dfw5-1.cdninstagram.com/v/t51.2885-19/297820917_5296210430456928_7175738497076340037_n.jpg?stp=dst-jpg_s150x150_tt6&_nc_cat=105&ccb=7-5&_nc_sid=f7ccc5&efg=eyJ2ZW5jb2RlX3RhZyI6InByb2ZpbGVfcGljLnd3dy40ODAuQzMifQ%3D%3D&_nc_ohc=-EjVlRD9rmMQ7kNvwE5duxo&_nc_oc=Adp8jAWO7da3NqyuZJ_ERoZ4zuivV7m0sNfT0U-pyk8pvBr9vbtDmfvIN5hxIIUsH_U&_nc_zt=24&_nc_ht=scontent-dfw5-1.cdninstagram.com&_nc_ss=72a8c&oh=00_Af_WEwlrl2jEikqChFAPkh1kjnz66FJq9Z7SN4mCukTdtw&oe=6A3DDE84","https://www.instagram.com/p/DZzVnSByMGl/"
"17949336900179473","Mohon maaf pak direktur, wilayah kami terdampak susah air, sudah lama, sudah pengaduan, sudah pelaporan, berkali kali sejak awal 2026, tapi tidak ada perubahan sama sekali, kita berkewajiban bayar iuran, telat bayar kena denda, tapi disaat ada keluhan, tidak ada penyelesaian. Anda @pdamsuryasembada perusahaan jasa penyedia air bersih kota surabaya, tapi pelayanan seperti ini 😢😢😢, Payah.!!!","2026-06-02T22:53:02.000Z","fungkywijaya_fw","https://scontent-ord5-1.cdninstagram.com/v/t51.2885-19/262719565_517407139719964_7957770888471711425_n.jpg?stp=dst-jpg_s150x150_tt6&_nc_cat=101&ccb=7-5&_nc_sid=f7ccc5&efg=eyJ2ZW5jb2RlX3RhZyI6InByb2ZpbGVfcGljLnd3dy43NDYuQzMifQ%3D%3D&_nc_ohc=TgU2krZCHIEQ7kNvwGKrS1n&_nc_oc=Adr3xvALmQokkTYBaN1bEQwarzpZny3xgN1Vwiz2TZ7Car3sUoaeEA8M6v55KqkDfrE&_nc_zt=24&_nc_ht=scontent-ord5-1.cdninstagram.com&_nc_ss=72689&oh=00_Af_TWCk2QawtGrdvwWi-1LsKrZ_cDc3hk-Y9SCwQvhm-tA&oe=6A3DC49B","https://www.instagram.com/p/DZFV94Hzzli/"
"18111254317900665","","2026-06-02T12:44:43.000Z","dewaamln","https://scontent-ord5-1.cdninstagram.com/v/t51.82787-19/602332715_18425012854114869_8522084159749941913_n.jpg?stp=dst-jpg_s150x150_tt6&_nc_cat=106&ccb=7-5&_nc_sid=f7ccc5&efg=eyJ2ZW5jb2RlX3RhZyI6InByb2ZpbGVfcGljLnd3dy4xMDgwLkMzIn0%3D&_nc_ohc=em5y_phJVCwQ7kNvwEC4L8D&_nc_oc=Adpqzh3puAmEzYpqY3cLYNSG-GCY2wzFJnhxqDDIFJWW7XCpqRnuPa-2PBGGS7FoIJM&_nc_zt=24&_nc_ht=scontent-ord5-1.cdninstagram.com&_nc_gid=XzRUo_aFSMjNMVWIBk1GjQ&_nc_ss=72689&oh=00_Af9NLL-fBzgk__QmnY-GukLPLFLfA4Z9-t8HWCe38BV-Cg&oe=6A3DC3D6","https://www.instagram.com/p/DZFV94Hzzli/"
"18102761069118218","Dukuh setro malam ini kosong dri sore tadi magrib uda gk ada air","2026-06-15T10:54:48.000Z","fungkywijaya_fw","https://scontent-iad3-1.cdninstagram.com/v/t51.2885-19/262719565_517407139719964_7957770888471711425_n.jpg?stp=dst-jpg_s150x150_tt6&_nc_cat=101&ccb=7-5&_nc_sid=f7ccc5&efg=eyJ2ZW5jb2RlX3RhZyI6InByb2ZpbGVfcGljLnd3dy43NDYuQzMifQ%3D%3D&_nc_ohc=TgU2krZCHIEQ7kNvwEECVBN&_nc_oc=Adp5KOTLUH7_pwl8rd2MqoO_R94Q9x_-_puzSf015YnQ-wQp02JqXzg9jzE4q5AskLU&_nc_zt=24&_nc_ht=scontent-iad3-1.cdninstagram.com&_nc_ss=72a8c&oh=00_Af9HKiohyHz6KlEtsBYWNLzIeSb6qiN-e3pa0KWtsRQ_IA&oe=6A3DC49B","https://www.instagram.com/p/DZmVQhnzlt-/"
"18204937750355342","Ini apa ya lagi2 daerah surabaya barat air nya kecil","2026-06-15T10:23:41.000Z","bellaaristas","https://scontent-iad6-1.cdninstagram.com/v/t51.89012-19/573323465_1219825463302212_7278921664109726296_n.jpg?stp=dst-jpg_s150x150_tt6&_nc_cat=1&ccb=7-5&_nc_sid=f7ccc5&efg=eyJ2ZW5jb2RlX3RhZyI6InByb2ZpbGVfcGljLnd3dy5DMyJ9&_nc_ohc=EkQi9fN4D_8Q7kNvwHPuVwD&_nc_oc=AdqP0VWfN0g5clh0tq4NwQ370EATM9Xp0daUe_Ult96oTn5cZ4mbr5mYDe1QlhEplnc&_nc_zt=24&_nc_ht=scontent-iad6-1.cdninstagram.com&_nc_gid=gGl44dRM1Vel4KIpKX46MQ&_nc_ss=72a8c&oh=00_Af-9F1wA5rh4N7nFUYTdX2yG_Q29eXEbksQb3KbXhH9EKA&oe=6A3DCFE2","https://www.instagram.com/p/DZmVQhnzlt-/"
"18100266065158609","Apa di daerah peneleh kena imbasnya","2026-06-15T09:07:39.000Z","ha.rtono5954","https://scontent-iad6-1.cdninstagram.com/v/t51.2885-19/464746083_8235343693258101_6672338615074304363_n.jpg?stp=dst-jpg_s150x150_tt6&_nc_cat=109&ccb=7-5&_nc_sid=f7ccc5&efg=eyJ2ZW5jb2RlX3RhZyI6InByb2ZpbGVfcGljLnd3dy4xMDgwLkMzIn0%3D&_nc_ohc=a0ilTjk4WLAQ7kNvwF6iWPF&_nc_oc=AdqJfO-iNjtIWCoxUN_WH5mas9NrrfJF_yN-KJC3dhbb9l9feZ7RXNQZWmvMP_Mf6eE&_nc_zt=24&_nc_ht=scontent-iad6-1.cdninstagram.com&_nc_ss=72a8c&oh=00_Af_1DEvXnwm_TqiKVZPJnXwsIjsxXMu10K9IvnMzNMd8BQ&oe=6A3DD4EE","https://www.instagram.com/p/DZmVQhnzlt-/"
"18024830846837223","ga listrik ga air gangguan","2026-06-20T08:36:47.000Z","its.gwidya","https://scontent-atl3-2.cdninstagram.com/v/t51.82787-19/584351090_18535153558022920_8108020719864573284_n.jpg?stp=dst-jpg_s150x150_tt6&_nc_cat=101&ccb=7-5&_nc_sid=f7ccc5&efg=eyJ2ZW5jb2RlX3RhZyI6InByb2ZpbGVfcGljLnd3dy40NTAuQzMifQ%3D%3D&_nc_ohc=ifiEX2N-MMoQ7kNvwGOTRns&_nc_oc=AdqOb8Se_UEjqQBJIIiWeBP59L1ep6Rosgyz1DchXk8UULfaZB6O3eTzT7VQ8QFrCDE&_nc_zt=24&_nc_ht=scontent-atl3-2.cdninstagram.com&_nc_gid=wA_bMvSZXKsSkcvC5BZLmg&_nc_ss=72a8c&oh=00_Af-hD0v17mcKPR_USyOn-_hJgvq8K0FuoQl679m91REvhg&oe=6A3DB30C","https://www.instagram.com/p/DZwLPYES7iP/"
"18177378199364984","Kedinding tengah gang 4D tidak keluar air pak....astagfirullahaladziim....","2026-06-20T06:15:43.000Z","aghni_30917","https://scontent-atl3-2.cdninstagram.com/v/t51.2885-19/297820917_5296210430456928_7175738497076340037_n.jpg?stp=dst-jpg_s150x150_tt6&_nc_cat=105&ccb=7-5&_nc_sid=f7ccc5&efg=eyJ2ZW5jb2RlX3RhZyI6InByb2ZpbGVfcGljLnd3dy40ODAuQzMifQ%3D%3D&_nc_ohc=-EjVlRD9rmMQ7kNvwGLYUgC&_nc_oc=AdoI2wXl1DnD9rD66Hr2E5hqGskSO3Fvf4gXRmeMh6CzbWxj_n6ffSLumJNMrMXeVmE&_nc_zt=24&_nc_ht=scontent-atl3-2.cdninstagram.com&_nc_ss=72a8c&oh=00_Af8ZvSYncjCOliyqG6kQ4h_HSV_qit3-yogY455nicSSiA&oe=6A3DDE84","https://www.instagram.com/p/DZwLPYES7iP/"
"18235756912312378","Astaghfirullah onok maneh 😢😢😢","2026-06-19T19:46:47.000Z","ifaalya20","https://scontent-atl3-3.cdninstagram.com/v/t51.82787-19/701914670_18420469375133185_6275879386193849479_n.jpg?stp=dst-jpg_s150x150_tt6&_nc_cat=107&ccb=7-5&_nc_sid=f7ccc5&efg=eyJ2ZW5jb2RlX3RhZyI6InByb2ZpbGVfcGljLnd3dy43MDQuQzMifQ%3D%3D&_nc_ohc=MzvV6fo3mrEQ7kNvwHIIXGa&_nc_oc=Adr6J48YjRKhlMaVE26vYjPO8Vv-h_wurBGoofobXR_O6jQmEcc2pE66-83Y-A9eMw8&_nc_zt=24&_nc_ht=scontent-atl3-3.cdninstagram.com&_nc_gid=wA_bMvSZXKsSkcvC5BZLmg&_nc_ss=72a8c&oh=00_Af8yE1oLCzYD4xmeJpkpTzH_IC9lhd_JrqYEYQgmkHcgMQ&oe=6A3DACC6","https://www.instagram.com/p/DZwLPYES7iP/"
"17888067558561240","Kedinding tengah V juga gak keluar min gimana nih","2026-06-19T11:46:02.000Z","staygreen1927","https://scontent-atl3-2.cdninstagram.com/v/t51.82787-19/725904739_18595341793018138_3428313375795467325_n.jpg?stp=dst-jpg_s150x150_tt6&_nc_cat=102&ccb=7-5&_nc_sid=f7ccc5&efg=eyJ2ZW5jb2RlX3RhZyI6InByb2ZpbGVfcGljLnd3dy4xMDgwLkMzIn0%3D&_nc_ohc=Y4CCwT-w-bQQ7kNvwFDTn8M&_nc_oc=AdoAg58jdchHVbWOq8UA382E5ZtKTBx-cSbqoSrXjWg1WFgnTGPuFsFGO57to4BsbFY&_nc_zt=24&_nc_ht=scontent-atl3-2.cdninstagram.com&_nc_gid=wA_bMvSZXKsSkcvC5BZLmg&_nc_ss=72a8c&oh=00_Af9GWNzdqPnCOG3Uj0NN-ETA_izTQHIwQCabXUEdPAZb5A&oe=6A3DC690","https://www.instagram.com/p/DZwLPYES7iP/"
"18085533317315217","Apakah airnya sudah normal min?","2026-06-11T15:31:29.000Z","asela.two","https://scontent-dfw5-2.cdninstagram.com/v/t51.82787-19/584395280_17942590977085375_2309943130579845079_n.jpg?stp=dst-jpg_s150x150_tt6&_nc_cat=100&ccb=7-5&_nc_sid=f7ccc5&efg=eyJ2ZW5jb2RlX3RhZyI6InByb2ZpbGVfcGljLnd3dy4xMDgwLkMzIn0%3D&_nc_ohc=9g-CaUc4T7EQ7kNvwFxuMCn&_nc_oc=Adr74ThI1I951lm1_Gr7fuHfg53PO-Lac4eq7hYpV4qp9pbG9EskNtCEG_rug8uYkxY&_nc_zt=24&_nc_ht=scontent-dfw5-2.cdninstagram.com&_nc_gid=VuCJnZAU9vccU4H4QNvr6A&_nc_ss=72a8c&oh=00_Af-bpQKBikyZCZMUVmhC4UN5IQ-97S8bA4jC_8SOmoHBuQ&oe=6A3DC18F","https://www.instagram.com/p/DZZx-3HzogQ/"
"18446746450136397","Min @pdamsuryasembada, apakah bikin air mengecil area purimas gununganyar UPN?","2026-06-11T05:07:42.000Z","dodo_hd12","https://scontent-dfw6-1.cdninstagram.com/v/t51.2885-19/417796487_1803343886775893_5785119074169292476_n.jpg?stp=dst-jpg_s150x150_tt6&_nc_cat=103&ccb=7-5&_nc_sid=f7ccc5&efg=eyJ2ZW5jb2RlX3RhZyI6InByb2ZpbGVfcGljLnd3dy42MTYuQzMifQ%3D%3D&_nc_ohc=OMjhE8r1JqQQ7kNvwHBejXr&_nc_oc=AdoEkGzR57gX44MuPz4kvpAakb6PkgTaF0ZnVx4xAxJKfzs9__1PZliaNCkOKRLigH4&_nc_zt=24&_nc_ht=scontent-dfw6-1.cdninstagram.com&_nc_ss=72a8c&oh=00_Af91c8kaF0DFQ5iZdqIp66TeO5eFimEY5mfUz5nl0NAF2w&oe=6A3DCC56","https://www.instagram.com/p/DZZx-3HzogQ/"
"18118358885500209","Sampai detik ini airnya masih mati","2026-06-04T01:22:46.000Z","lubna.mahdiya","https://scontent-mia5-1.cdninstagram.com/v/t51.2885-19/463184156_1592264698037817_6764536607465431084_n.jpg?stp=dst-jpg_s150x150_tt6&_nc_cat=101&ccb=7-5&_nc_sid=f7ccc5&efg=eyJ2ZW5jb2RlX3RhZyI6InByb2ZpbGVfcGljLnd3dy4xMDgwLkMzIn0%3D&_nc_ohc=4WtiPLvXgW4Q7kNvwFY9BqN&_nc_oc=Adqb1bo3KBisXK2FqI0lWilL2Csh576b1w9wY87rHkZOZpfsS7Ysrl_Gh2WXh8vijDI&_nc_zt=24&_nc_ht=scontent-mia5-1.cdninstagram.com&_nc_ss=72689&oh=00_Af9vQC91CHFExjL4NPaaVFuijsB_yiK_7w-gYeA2C_J1Wg&oe=6A3DC278","https://www.instagram.com/p/DZEzlh1ynyl/"
"18084784085431609","Yaelah min, masak airnya mati lagi sih? 2 hri loh.. semalem nyala cuma 3 jam itu kecil bnget😢 gimana ya solusinya? Pengerjaan apa sampek 2 hari gini?","2026-06-04T00:26:49.000Z","kifta.11","https://scontent-mia5-1.cdninstagram.com/v/t51.2885-19/14547717_1267854609953672_3599770171343896576_a.jpg?stp=dst-jpg_s150x150_tt6&_nc_cat=101&ccb=7-5&_nc_sid=f7ccc5&efg=eyJ2ZW5jb2RlX3RhZyI6InByb2ZpbGVfcGljLnd3dy41NDAuQzMifQ%3D%3D&_nc_ohc=_9ysS5xZFyEQ7kNvwHqb6Uy&_nc_oc=AdrC88fmjm5csgtweu6DJ-1vWCI1FFrpnPA5iqCeQothCYCJmUbfHXJU17N36JKetuM&_nc_zt=24&_nc_ht=scontent-mia5-1.cdninstagram.com&_nc_ss=72689&oh=00_Af9Hikh9XiCM6SOSXSKHoEvR9iAg97Z7uzwBj08rKgMBXA&oe=6A3DD1CD","https://www.instagram.com/p/DZEzlh1ynyl/"
"18154204252465569","Udah 1 hari lewattt, tapi air masih kecil sekaliii. Estimasi nya lebih nih dari 24 jam?","2026-06-04T00:02:06.000Z","metileter","https://scontent-mia3-1.cdninstagram.com/v/t51.89012-19/573323465_1219825463302212_7278921664109726296_n.jpg?stp=dst-jpg_s150x150_tt6&_nc_cat=1&ccb=7-5&_nc_sid=f7ccc5&efg=eyJ2ZW5jb2RlX3RhZyI6InByb2ZpbGVfcGljLnd3dy5DMyJ9&_nc_ohc=EkQi9fN4D_8Q7kNvwEnHHUb&_nc_oc=Adq6BxB_rq2PjQ_j2YCtBldfghhTGxHLcGE5agEb9slllZPUnX5ECtSvfXfXpi-dHs4&_nc_zt=24&_nc_ht=scontent-mia3-1.cdninstagram.com&_nc_gid=NsOOrGP-l2Bm1wtH4uxugg&_nc_ss=72689&oh=00_Af_hwv2k3lxl0MRiUOG5GLfsWNpDpQRqfdDu2k0ymSnz0w&oe=6A3DCFE2","https://www.instagram.com/p/DZEzlh1ynyl/"
"18118247509814500","min ini benar benar sudah selesai di perbaiki kah? dari jam 3 sore sampai pagi ini air keluar lirih sampai tidak keluar sama sekali mohon penjelasannya","2026-06-03T23:21:32.000Z","nostroz_","https://scontent-mia3-3.cdninstagram.com/v/t51.2885-19/462595240_528927889742859_2768917765567982081_n.jpg?stp=dst-jpg_s150x150_tt6&_nc_cat=110&ccb=7-5&_nc_sid=f7ccc5&efg=eyJ2ZW5jb2RlX3RhZyI6InByb2ZpbGVfcGljLnd3dy4xMDgwLkMzIn0%3D&_nc_ohc=KUEGzwHrb4MQ7kNvwH1SG5F&_nc_oc=Adp3qhy0p5dTUOGSHJw5u3XzH5Nq5Y7KDhzrZ-rLijnFvb7jD3rSMIvYKqGyrLVApaI&_nc_zt=24&_nc_ht=scontent-mia3-3.cdninstagram.com&_nc_ss=72689&oh=00_Af9zlLVApft5qSElw7NOzlAQ4HWBAobaBsKtazJwqs9SHg&oe=6A3DDC1C","https://www.instagram.com/p/DZEzlh1ynyl/"
"18414662674178283","Astaga. Sampe jalan min ini udh 10 jam lebih","2026-06-03T05:31:25.000Z","mochammad_tri_octaviano","https://scontent-mia3-3.cdninstagram.com/v/t51.82787-19/656940172_17940974664177647_2599301136129835525_n.jpg?stp=dst-jpg_s150x150_tt6&_nc_cat=110&ccb=7-5&_nc_sid=f7ccc5&efg=eyJ2ZW5jb2RlX3RhZyI6InByb2ZpbGVfcGljLnd3dy4xMDgwLkMzIn0%3D&_nc_ohc=D1UvI94Qe8oQ7kNvwFb2kb6&_nc_oc=Ado4j2M6bJie-exOr0pP2KbhgsFSpuXhINu1Q8mkVfW7QzSnXTBXmg6cR06sbtS0l9o&_nc_zt=24&_nc_ht=scontent-mia3-3.cdninstagram.com&_nc_gid=NsOOrGP-l2Bm1wtH4uxugg&_nc_ss=72689&oh=00_Af_zY2prUoaOQpRJNRNHIZuiVYImpPgmFCt1yeEr65kdbw&oe=6A3DCBB7","https://www.instagram.com/p/DZEzlh1ynyl/"
"18071300567335454","Udah 12jam bosku","2026-06-03T05:14:23.000Z","reezaalubis","https://scontent-mia3-3.cdninstagram.com/v/t51.82787-19/705463837_18090586592207945_2791519886566948785_n.jpg?stp=dst-jpg_s150x150_tt6&_nc_cat=110&ccb=7-5&_nc_sid=f7ccc5&efg=eyJ2ZW5jb2RlX3RhZyI6InByb2ZpbGVfcGljLnd3dy4xMDgwLkMzIn0%3D&_nc_ohc=2cGURRO31FAQ7kNvwHb_6pY&_nc_oc=Adqbbn3NyDy_W0Lsun787wc9BoyxQN5FLSHxdsP_Y2Si1X6whWcpbDzU7K6ZVMeaisY&_nc_zt=24&_nc_ht=scontent-mia3-3.cdninstagram.com&_nc_gid=NsOOrGP-l2Bm1wtH4uxugg&_nc_ss=72689&oh=00_Af9Pb9ZBy1G-6i79W-SxL655NYwsL6cvbXkKn3gmMn2CHA&oe=6A3DDFE9","https://www.instagram.com/p/DZEzlh1ynyl/"
"18082557698638964","ini sampe kapan ya? dari semalem, udah lebih 10jam","2026-06-03T03:51:53.000Z","hazelys.sea","https://scontent-mia3-1.cdninstagram.com/v/t51.89012-19/573323465_1219825463302212_7278921664109726296_n.jpg?stp=dst-jpg_s150x150_tt6&_nc_cat=1&ccb=7-5&_nc_sid=f7ccc5&efg=eyJ2ZW5jb2RlX3RhZyI6InByb2ZpbGVfcGljLnd3dy5DMyJ9&_nc_ohc=EkQi9fN4D_8Q7kNvwEnHHUb&_nc_oc=Adq6BxB_rq2PjQ_j2YCtBldfghhTGxHLcGE5agEb9slllZPUnX5ECtSvfXfXpi-dHs4&_nc_zt=24&_nc_ht=scontent-mia3-1.cdninstagram.com&_nc_gid=NsOOrGP-l2Bm1wtH4uxugg&_nc_ss=72689&oh=00_Af_hwv2k3lxl0MRiUOG5GLfsWNpDpQRqfdDu2k0ymSnz0w&oe=6A3DCFE2","https://www.instagram.com/p/DZEzlh1ynyl/"
"18113830465865441","Kira2 selesai pengerjaan jam berapa kakak?","2026-06-03T02:22:21.000Z","centralhandmade","https://scontent-mia3-1.cdninstagram.com/v/t51.89012-19/573323465_1219825463302212_7278921664109726296_n.jpg?stp=dst-jpg_s150x150_tt6&_nc_cat=1&ccb=7-5&_nc_sid=f7ccc5&efg=eyJ2ZW5jb2RlX3RhZyI6InByb2ZpbGVfcGljLnd3dy5DMyJ9&_nc_ohc=EkQi9fN4D_8Q7kNvwEnHHUb&_nc_oc=Adq6BxB_rq2PjQ_j2YCtBldfghhTGxHLcGE5agEb9slllZPUnX5ECtSvfXfXpi-dHs4&_nc_zt=24&_nc_ht=scontent-mia3-1.cdninstagram.com&_nc_gid=NsOOrGP-l2Bm1wtH4uxugg&_nc_ss=72689&oh=00_Af_hwv2k3lxl0MRiUOG5GLfsWNpDpQRqfdDu2k0ymSnz0w&oe=6A3DCFE2","https://www.instagram.com/p/DZEzlh1ynyl/"
"18114526885855164","sudah 10 jam air blm keluar, uda minta tangki blm dilayani, ga bisa mandi, mau kerja 😢","2026-06-03T00:28:18.000Z","sulton_st","https://scontent-mia3-3.cdninstagram.com/v/t51.2885-19/491463728_1363517998261967_6637050345991870742_n.jpg?stp=dst-jpg_s150x150_tt6&_nc_cat=109&ccb=7-5&_nc_sid=f7ccc5&efg=eyJ2ZW5jb2RlX3RhZyI6InByb2ZpbGVfcGljLnd3dy4xMDgwLkMzIn0%3D&_nc_ohc=46uhriqoV28Q7kNvwGwcBEr&_nc_oc=AdpsMYMVqwhhvDJ9DVXcE3O3gZDj139_mlRrxGt5FJ9OmITz5OdRRRytuEVrBA13-2A&_nc_zt=24&_nc_ht=scontent-mia3-3.cdninstagram.com&_nc_ss=72689&oh=00_Af_aB7LKwouRLYq5vyg_R-qvMGQ9NbKlH5pQwP0jBxRD2A&oe=6A3DAC7A","https://www.instagram.com/p/DZEzlh1ynyl/"
"17997817895959703","perbaikannya di mana, daerah setro kok sering kena dampaknya. ini air semalem cuma nyala TIGA JAM saja dan mati lagi sampai sekarang. kalo ada perbaikan ato kendala, anda-anda ini kan masih punya mata, mulut dan jari yang berfungsi kan?. informasikan dong ke pelanggan ada apa. jangan diem aja. perbaiki. jangan mempermainkan hak pelanggan.","2026-06-03T00:13:41.000Z","chrisred_85","https://scontent-mia5-2.cdninstagram.com/v/t51.82787-19/670458753_18580943455062091_5701313097450424624_n.jpg?stp=dst-jpg_s150x150_tt6&_nc_cat=100&ccb=7-5&_nc_sid=f7ccc5&efg=eyJ2ZW5jb2RlX3RhZyI6InByb2ZpbGVfcGljLnd3dy44ODAuQzMifQ%3D%3D&_nc_ohc=z07Z4FZBCkkQ7kNvwGq_4Jk&_nc_oc=Adrr9k42MWe84uQoqlN9awiFof6cg-hwwCFFNIDhXQI8AcYI5Zm7k9WmTdBpjmX2upI&_nc_zt=24&_nc_ht=scontent-mia5-2.cdninstagram.com&_nc_gid=NsOOrGP-l2Bm1wtH4uxugg&_nc_ss=72689&oh=00_Af-dWfBgbTbK382b8uO0XAXzZZbiymAcUhp6lHXyPgIZmQ&oe=6A3DC4F5","https://www.instagram.com/p/DZEzlh1ynyl/"
"17879116326453695","Mohon maaf pak direktur, wilayah kami terdampak susah air, sudah lama, sudah pengaduan, sudah pelaporan, berkali kali sejak awal 2026, tapi tidak ada perubahan sama sekali, kita berkewajiban bayar iuran, telat bayar kena denda, tapi disaat ada keluhan, tidak ada penyelesaian. Anda @pdamsuryasembada perusahaan jasa penyedia air bersih kota surabaya, tapi pelayanan seperti ini 😢😢😢, Payah.!!!","2026-06-02T22:52:48.000Z","fungkywijaya_fw","https://scontent-mia5-1.cdninstagram.com/v/t51.2885-19/262719565_517407139719964_7957770888471711425_n.jpg?stp=dst-jpg_s150x150_tt6&_nc_cat=101&ccb=7-5&_nc_sid=f7ccc5&efg=eyJ2ZW5jb2RlX3RhZyI6InByb2ZpbGVfcGljLnd3dy43NDYuQzMifQ%3D%3D&_nc_ohc=TgU2krZCHIEQ7kNvwFTYxR2&_nc_oc=Ado_7GP_mhZSBLmBEyhawVSgM6Omw-iNA5jBGoevBNZ3lJtlpDmQzE027FXgFbFq5No&_nc_zt=24&_nc_ht=scontent-mia5-1.cdninstagram.com&_nc_ss=72689&oh=00_Af8PJo1bvAVTM4UxhRLwbGQaFTF4AjyL45S55oLoP67C1w&oe=6A3DC49B","https://www.instagram.com/p/DZEzlh1ynyl/"
"18010801058914275","sampe saiki nek bengi sek mati,, pagi air nya kecil ga kuat naik ngisi tandon.. iki wes brp hari cak.. ndandani gak mari2..","2026-06-12T18:33:50.000Z","barmantop","https://scontent-ord5-1.cdninstagram.com/v/t51.82787-19/720919655_18456046420118746_722230473183681884_n.jpg?stp=dst-jpg_s150x150_tt6&_nc_cat=106&ccb=7-5&_nc_sid=f7ccc5&efg=eyJ2ZW5jb2RlX3RhZyI6InByb2ZpbGVfcGljLnd3dy4xMDgwLkMzIn0%3D&_nc_ohc=v6kFkzq0TcYQ7kNvwFMvIum&_nc_oc=Adqt2VJmyvklAHd7X4x1F8Do2lNdTys27CKx8WE0XU5wMAoewGhvuajv2NBRlVQ0FNk&_nc_zt=24&_nc_ht=scontent-ord5-1.cdninstagram.com&_nc_gid=rC-5i9bmp8kA-sqSNA2waw&_nc_ss=72a8c&oh=00_Af8B0T8HesMFUvTvK9q1xHOe3KTnwp4Z1-In3Qmi7kmvBw&oe=6A3DAD6D","https://www.instagram.com/p/DZXoHgDz5rz/"
"18322860547261982","Gunung Anyar Tambak tepatnya Taman Wiguna Selatan mati dari jam 9 malam. Disini ga ada info tapi kok kena?","2026-06-09T19:27:45.000Z","kimmi.i86","https://scontent-ord5-2.cdninstagram.com/v/t51.82787-19/588468251_17843343204623900_5324629338545920953_n.jpg?stp=dst-jpg_s150x150_tt6&_nc_cat=102&ccb=7-5&_nc_sid=f7ccc5&efg=eyJ2ZW5jb2RlX3RhZyI6InByb2ZpbGVfcGljLnd3dy4xMDgwLkMzIn0%3D&_nc_ohc=r0eXHhvq6qcQ7kNvwG8EtoD&_nc_oc=AdqTmEipeq-iaBibRvxEkgyL9Vje41Iio_xsX9z2EKhJXDqf09xCrGCvB-teV9fm9b4&_nc_zt=24&_nc_ht=scontent-ord5-2.cdninstagram.com&_nc_gid=rC-5i9bmp8kA-sqSNA2waw&_nc_ss=72a8c&oh=00_Af-eOhkii9d_u1PVGWDJVGztrnjX6u57taiih1ywcgWCdg&oe=6A3DC6C0","https://www.instagram.com/p/DZXoHgDz5rz/"
"18195174445367853","Min, sampai ke daerah kutisari kah dampaknya? Ini tiba2 air di kosan mati min 😢😢","2026-06-09T16:36:15.000Z","gendhis_ndut","https://scontent-ord5-3.cdninstagram.com/v/t51.82787-19/657484177_17864441283666781_2778297840615961075_n.jpg?stp=dst-jpg_s150x150_tt6&_nc_cat=107&ccb=7-5&_nc_sid=f7ccc5&efg=eyJ2ZW5jb2RlX3RhZyI6InByb2ZpbGVfcGljLnd3dy4xMDgwLkMzIn0%3D&_nc_ohc=pUob6p8H3-AQ7kNvwG18aWB&_nc_oc=AdrqSrnc1sAuLLUzA8sFLs-1tW7sWkvu1etW4iJz5c722viNCY0777gQYbWV2EzevlA&_nc_zt=24&_nc_ht=scontent-ord5-3.cdninstagram.com&_nc_gid=rC-5i9bmp8kA-sqSNA2waw&_nc_ss=72a8c&oh=00_Af8wfxEGzkSCM6l455x8A5s1liEUpi4te7MwU7C6QWn-Fw&oe=6A3DE0F7","https://www.instagram.com/p/DZXoHgDz5rz/"
"18604390660057366","Utara kok mati pakkkk","2026-06-06T06:07:19.000Z","ali_anshori94","https://scontent-hou1-1.cdninstagram.com/v/t51.82787-19/727479254_18419246272197466_2741519127032096369_n.jpg?stp=dst-jpg_s150x150_tt6&_nc_cat=101&ccb=7-5&_nc_sid=f7ccc5&efg=eyJ2ZW5jb2RlX3RhZyI6InByb2ZpbGVfcGljLnd3dy4xMDgwLkMzIn0%3D&_nc_ohc=cNNE7hkl230Q7kNvwEbVRDj&_nc_oc=AdoS2tbY40FSfm-_S0NRATphljeMff27i0ix-1EwaTNKSksZ-4DCZaJSRynJGbNviJE&_nc_zt=24&_nc_ht=scontent-hou1-1.cdninstagram.com&_nc_gid=9HSk44o4DrB5VWweqs3KNw&_nc_ss=72a8c&oh=00_Af8wdKpWYmGjcmk95OIx-8DG4XjidGmYwU1haRHGxT2ETw&oe=6A3DAA5B","https://www.instagram.com/p/DZMrDLAzki9/"
"18154340689465845","@izzadfarly91 selamat siang kak, mohon maaf atas ketidaknyamannya. mohon menginformasikan nomor pelanggan dan nomor tlpn yg dapat dihubungi melalui DM ya kak.","2026-06-06T04:42:49.000Z","pdamsuryasembada","https://scontent-hou1-1.cdninstagram.com/v/t51.2885-19/336446109_607672788041419_9063785012397573163_n.jpg?stp=dst-jpg_s150x150_tt6&_nc_cat=108&ccb=7-5&_nc_sid=f7ccc5&efg=eyJ2ZW5jb2RlX3RhZyI6InByb2ZpbGVfcGljLnd3dy4xMDgwLkMzIn0%3D&_nc_ohc=ohvoRgV7VFkQ7kNvwGpzCi3&_nc_oc=Adpeo7e1K6ICDhXcSmvZLla4kBYPeXlBITSpQp2v4ETnABs-6z0mGxUSL6kgmdEA8UY&_nc_zt=24&_nc_ht=scontent-hou1-1.cdninstagram.com&_nc_ss=72a8c&oh=00_Af8a1O0QsmirkWk_8q6_Y1GppHFYv4rdFmJLKtb48NCVAw&oe=6A3DDFE9","https://www.instagram.com/p/DZMrDLAzki9/"
"18132810526575307","Apakah udh selesai","2026-06-05T18:05:55.000Z","naqi_imut","https://scontent-hou1-1.cdninstagram.com/v/t51.2885-19/489435125_1196013798591030_3969126313390272338_n.jpg?stp=dst-jpg_s150x150_tt6&_nc_cat=105&ccb=7-5&_nc_sid=f7ccc5&efg=eyJ2ZW5jb2RlX3RhZyI6InByb2ZpbGVfcGljLnd3dy4xMDgwLkMzIn0%3D&_nc_ohc=c-QgHBu50_oQ7kNvwFDMaK1&_nc_oc=AdrQWPtNnv7nfLTSSCdEEPLpHUSpy0tjI3KQ-fZSiLKC0EAJ94PuQ4JkR314gXah5rw&_nc_zt=24&_nc_ht=scontent-hou1-1.cdninstagram.com&_nc_ss=72a8c&oh=00_Af-jTKkE1RokrmA1ITI7lbs1PIf1YRW6XhNHwJSOmwrZ1A&oe=6A3DBAF3","https://www.instagram.com/p/DZMrDLAzki9/"
"18191926927335925","Astaghfirullah kagak kelar2 weyyyy","2026-06-05T10:57:54.000Z","metileter","https://scontent-hou1-1.cdninstagram.com/v/t51.89012-19/573323465_1219825463302212_7278921664109726296_n.jpg?stp=dst-jpg_s150x150_tt6&_nc_cat=1&ccb=7-5&_nc_sid=f7ccc5&efg=eyJ2ZW5jb2RlX3RhZyI6InByb2ZpbGVfcGljLnd3dy5DMyJ9&_nc_ohc=EkQi9fN4D_8Q7kNvwGEtkmR&_nc_oc=AdrtBfCNZbqj6FuosmEfJNHx0bdnj_KQCClb9X0_KuzkJv5EJN2dYInSCKvXY2UClic&_nc_zt=24&_nc_ht=scontent-hou1-1.cdninstagram.com&_nc_gid=9HSk44o4DrB5VWweqs3KNw&_nc_ss=72a8c&oh=00_Af8AJ0LTKpVpBuieBw19GFVBHgoEAhngWkv9zkyHV8YuuA&oe=6A3DCFE2","https://www.instagram.com/p/DZMrDLAzki9/"
"17953974872980559","Kenjeran dari bbrp hari lalu ga lancar pak","2026-06-10T03:14:38.000Z","izatulmunaaa","https://scontent-mia5-1.cdninstagram.com/v/t51.82787-19/520693346_18467510095073265_451352212644313802_n.jpg?stp=dst-jpg_s150x150_tt6&_nc_cat=102&ccb=7-5&_nc_sid=f7ccc5&efg=eyJ2ZW5jb2RlX3RhZyI6InByb2ZpbGVfcGljLnd3dy4xMDgwLkMzIn0%3D&_nc_ohc=p14BNFhv3msQ7kNvwG3wjrT&_nc_oc=AdrLf1SV4SOoeEdj3OqWSV-FTAgHeEtrr1Hs9ArrFMarWSv-ioX368hwTUu7xrfvUUA&_nc_zt=24&_nc_ht=scontent-mia5-1.cdninstagram.com&_nc_gid=JgGaNkRrnXcgKJ_piFsCKA&_nc_ss=7ca8c&oh=00_Af_E7s6xL0BHBTku43Z-dGgEvB96vX9Epi3jcaq2M_ZO9Q&oe=6A3DD4AF","https://www.instagram.com/p/DZY4rc4ThKj/"
"18077194949669538","tolong sampaikan RAHADYAN HERWANDRASTO SH
segera selesaikan utang pinjama online sekarang juga, jagan lari dari tanggung jawab !!!!!!!!!!!!!","2026-06-17T08:24:51.000Z","sasaamelia9767","https://scontent-atl3-1.cdninstagram.com/v/t51.89012-19/573323465_1219825463302212_7278921664109726296_n.jpg?stp=dst-jpg_s150x150_tt6&_nc_cat=1&ccb=7-5&_nc_sid=f7ccc5&efg=eyJ2ZW5jb2RlX3RhZyI6InByb2ZpbGVfcGljLnd3dy5DMyJ9&_nc_ohc=EkQi9fN4D_8Q7kNvwHhKPZD&_nc_oc=AdozYKLksxSf9GA8xW2kSVhJjrQdZfAeL5EW3xs6D4RX_abrXR52tbF3qAWJvcEeJxw&_nc_zt=24&_nc_ht=scontent-atl3-1.cdninstagram.com&_nc_gid=Np2gCsSJ4jYg5aNBp-5DKQ&_nc_ss=72689&oh=00_Af_NXp0hZUKXGWzoV6xjd9ESFPKwZZdNq2-S43DQn7VNGg&oe=6A3DCFE2","https://www.instagram.com/p/DZcZBlTzB5h/"
"18066508946704985","Setro V no 61 masih tetep rewel, air tidak keluar kalaupun keluar selalu nunggu jam tertentu. Monggo bisa kesini saya buktikan dirumah saya dan deretan no 61 A-Z masih kendala air gak lancar, saya punya video sebagai alat bukti.. Saya lapor kerewelan air keluar dari Januari sampai Juni ini air keluar hanya dijam tertentu. Monggo silaturahmi kesini @pdamsuryasembada","2026-06-12T10:33:08.000Z","satriyo_laskar21","https://scontent-atl3-2.cdninstagram.com/v/t51.2885-19/124194404_382614346421985_7515701225432927185_n.jpg?stp=dst-jpg_s150x150_tt6&_nc_cat=102&ccb=7-5&_nc_sid=f7ccc5&efg=eyJ2ZW5jb2RlX3RhZyI6InByb2ZpbGVfcGljLnd3dy42MTIuQzMifQ%3D%3D&_nc_ohc=jt7m1XJhaIcQ7kNvwFPmp4H&_nc_oc=Adqxq0N5NAGG2jeogAiygJnXPOv9k3oKyR1Nv3frvXdc8_qDuwdhaBpi9J60rS4fKTQ&_nc_zt=24&_nc_ht=scontent-atl3-2.cdninstagram.com&_nc_ss=72689&oh=00_Af-k9TDyMKsP5NkYTX4VCr5-hBNDytW1s2iq0pylB4UNNA&oe=6A3DB08D","https://www.instagram.com/p/DZcZBlTzB5h/"
"17896055268470421","Baik terimakasih untuk responya diwilayah kami, smoga teratasi dengan baik, dan kita amati 1bulan kedepan hasil dari penanganan ini, terimakasih @pdamsuryasembada @louisgatu","2026-06-12T00:34:06.000Z","fungkywijaya_fw","https://scontent-atl3-2.cdninstagram.com/v/t51.2885-19/262719565_517407139719964_7957770888471711425_n.jpg?stp=dst-jpg_s150x150_tt6&_nc_cat=101&ccb=7-5&_nc_sid=f7ccc5&efg=eyJ2ZW5jb2RlX3RhZyI6InByb2ZpbGVfcGljLnd3dy43NDYuQzMifQ%3D%3D&_nc_ohc=TgU2krZCHIEQ7kNvwHYoQRN&_nc_oc=AdoFy7WMaY3t_cTy69szCXUjWFoA0AKzdILXvsHzeFLndwCHufIlI5AfYuzhn4Yx-4Q&_nc_zt=24&_nc_ht=scontent-atl3-2.cdninstagram.com&_nc_ss=72689&oh=00_Af8GM6729cwEf-IMMy-cVfV4FIjR6awP2imvyMZY9wQ0dw&oe=6A3DC49B","https://www.instagram.com/p/DZcZBlTzB5h/"
"18090093674188126","Mosok dari bulan februari alasane bocor terus ae gak mari2, nek bocor iku susah hampir setiap waktu, lah nek iki onok jam2e pagi 5-8 dan sore 5-8 juga? Kok yo terstruktur terjadwal jam air mati gak mengalire? Ngomong ae nek rumah pompae dimatikan jam2 itu beres wes gak usah pura2 gali sana gali sini seputaran setro-lebak, warga/pelanggan wes podo pinter ojok mbok bujuki teroooosss ae @pdamsuryasembada @ericahyadi_ @cakj1 @baktiono.ba","2026-06-12T00:13:31.000Z","idrqadanp","https://scontent-atl3-3.cdninstagram.com/v/t51.2885-19/459174655_1054763699490428_905775601286103262_n.jpg?stp=dst-jpg_s150x150_tt6&_nc_cat=110&ccb=7-5&_nc_sid=f7ccc5&efg=eyJ2ZW5jb2RlX3RhZyI6InByb2ZpbGVfcGljLnd3dy4xMDgwLkMzIn0%3D&_nc_ohc=qxw-7-WQZtwQ7kNvwE6YKqI&_nc_oc=Ado0nhGKF-hoM7hlMID9MtABuOZIet1Mm4YHeBMxmGoW3icsHMGuVRWB2GV4rSHfQ1I&_nc_zt=24&_nc_ht=scontent-atl3-3.cdninstagram.com&_nc_ss=72689&oh=00_Af9SNfFco7uXIrvPRI5m614gbroyQnJFPTkj0y1bWhlhsw&oe=6A3DC866","https://www.instagram.com/p/DZcZBlTzB5h/"
"18019976876845210","Assalamualaikum kak izin mau tanya apakah didaerah karah, ketinting DSK apakah ada perbaikan kenapa pagi2 airnya tidak nyala iya terimakasih 🙏🏻","2026-06-11T23:25:16.000Z","hnfada354","https://scontent-atl3-2.cdninstagram.com/v/t51.82787-19/629436715_17937824151138422_7071259242491423346_n.jpg?stp=dst-jpg_s150x150_tt6&_nc_cat=101&ccb=7-5&_nc_sid=f7ccc5&efg=eyJ2ZW5jb2RlX3RhZyI6InByb2ZpbGVfcGljLnd3dy4xMDgwLkMzIn0%3D&_nc_ohc=KFI0fgF5sQ4Q7kNvwFASV1p&_nc_oc=Adr2PCLbumkwV__HrPxe44ymsT7KNX08a0Chdg3XHIeXCnHdtUBjTACp8r4wnxEol_c&_nc_zt=24&_nc_ht=scontent-atl3-2.cdninstagram.com&_nc_gid=Np2gCsSJ4jYg5aNBp-5DKQ&_nc_ss=72689&oh=00_Af-AwwplF6q1z4Z73eliDAnlTfg95O2asqj6YUkt8vy-FQ&oe=6A3DD3A7","https://www.instagram.com/p/DZcZBlTzB5h/"
"17906684562428017","Malam ini malah gak keluar air di dukuh setro","2026-06-11T13:01:19.000Z","julielie01","https://scontent-atl3-3.cdninstagram.com/v/t51.2885-19/472443820_873229864888064_3411040577264567434_n.jpg?stp=dst-jpg_s150x150_tt6&_nc_cat=107&ccb=7-5&_nc_sid=f7ccc5&efg=eyJ2ZW5jb2RlX3RhZyI6InByb2ZpbGVfcGljLnd3dy4xMDgwLkMzIn0%3D&_nc_ohc=X_p6lTv_sYYQ7kNvwEFwZqy&_nc_oc=Adr4X7xgsHUhIZFVsLXIJ9IV2u6PDEq7qP0icBXf87lkDDO5VzBMVH4lp-2PMFwwCYA&_nc_zt=24&_nc_ht=scontent-atl3-3.cdninstagram.com&_nc_ss=72689&oh=00_Af_LDNSdNmIUBgstKuvy-PcJ3ceXPZJ_Bwj8mG7VodpIqg&oe=6A3DC4DD","https://www.instagram.com/p/DZcZBlTzB5h/"
"17968023045097351","","2026-06-11T11:30:16.000Z","damaxrif","https://scontent-atl3-2.cdninstagram.com/v/t51.2885-19/482758906_666728449032201_4371567849612805045_n.jpg?stp=dst-jpg_s150x150_tt6&_nc_cat=105&ccb=7-5&_nc_sid=f7ccc5&efg=eyJ2ZW5jb2RlX3RhZyI6InByb2ZpbGVfcGljLnd3dy4xMDgwLkMzIn0%3D&_nc_ohc=rSCYnzb4DZcQ7kNvwEsoWiQ&_nc_oc=AdrMA8d0ja9u2SlUIHWou9Va7YRfHL60jfjAYfM66EP6YSmzTvT8gQ_3tMUloQtuOfc&_nc_zt=24&_nc_ht=scontent-atl3-2.cdninstagram.com&_nc_ss=72689&oh=00_Af-DhjOtopO7AdL4a6E6M4DvQQbLNrn4xwpOutEXD9ZZTw&oe=6A3DB21A","https://www.instagram.com/p/DZcZBlTzB5h/"
"17947099827014356","","2026-06-11T11:29:02.000Z","dewaamln","https://scontent-atl3-1.cdninstagram.com/v/t51.82787-19/602332715_18425012854114869_8522084159749941913_n.jpg?stp=dst-jpg_s150x150_tt6&_nc_cat=106&ccb=7-5&_nc_sid=f7ccc5&efg=eyJ2ZW5jb2RlX3RhZyI6InByb2ZpbGVfcGljLnd3dy4xMDgwLkMzIn0%3D&_nc_ohc=em5y_phJVCwQ7kNvwHnmGhQ&_nc_oc=AdpZgdALyzd8EPAxNS7kaGaP8y5TvPoafbGbiDOXr4arbBui_Dnty315KbmaGJ5ORs4&_nc_zt=24&_nc_ht=scontent-atl3-1.cdninstagram.com&_nc_gid=Np2gCsSJ4jYg5aNBp-5DKQ&_nc_ss=72689&oh=00_Af8t3UZqb4z0OWnYSYhReBHicggchkigTAeca_q9MTM2Ug&oe=6A3DC3D6","https://www.instagram.com/p/DZcZBlTzB5h/"
"18054525134737387","Tolong segera ditindaklanjuti bekas galian lubang PDAM di gunung anyar tambak IV banyak yg rusak.. Rawan kecelakaan jika lubang tersebut tertutup air hujan.. @pdamsuryasembada @ericahyadi_ @setwankotasby","2026-06-18T14:23:32.000Z","rendysangpenjaga","https://scontent-ord5-1.cdninstagram.com/v/t51.82787-19/711670755_18105716669318669_8475266518264583073_n.jpg?stp=dst-jpg_s150x150_tt6&_nc_cat=101&ccb=7-5&_nc_sid=f7ccc5&efg=eyJ2ZW5jb2RlX3RhZyI6InByb2ZpbGVfcGljLnd3dy4xMDgwLkMzIn0%3D&_nc_ohc=j74htkKIw9EQ7kNvwFaz-fa&_nc_oc=AdoF9exX0esxlO19YggOqdwu1BH-V4ALXrMe2PBwf6dwwB1Fmg3Qx4O5_QBe0oCKW1k&_nc_zt=24&_nc_ht=scontent-ord5-1.cdninstagram.com&_nc_gid=lFw1tki-P-vnTnEIjfg01g&_nc_ss=7ba8c&oh=00_Af_AzYbs9P-Xa_g54dD64UBEgHQMv1U5_iqvQpqsjTfMKw&oe=6A3DDB5C","https://www.instagram.com/p/DZrhhxrk1e8/"
"18589275268040883","Tengger","2026-06-10T17:19:27.000Z","taniapsari1","https://scontent-lga3-3.cdninstagram.com/v/t51.89012-19/573323465_1219825463302212_7278921664109726296_n.jpg?stp=dst-jpg_s150x150_tt6&_nc_cat=1&ccb=7-5&_nc_sid=f7ccc5&efg=eyJ2ZW5jb2RlX3RhZyI6InByb2ZpbGVfcGljLnd3dy5DMyJ9&_nc_ohc=EkQi9fN4D_8Q7kNvwFm5r1A&_nc_oc=AdpqvhxWYurKqXFpo-Ko9V1PXXVjCnICKLd9NEiH20gtFoqgEyNC5sR0C7oPlHArD0Q&_nc_zt=24&_nc_ht=scontent-lga3-3.cdninstagram.com&_nc_gid=9RXA6an19gkd4T_y6rvSVw&_nc_ss=72a8c&oh=00_Af9cA7IU-EtInxRFLjFBOskqCWTwutd4IV4P6DTIZDv7dw&oe=6A3DCFE2","https://www.instagram.com/p/DZXc4BmhtpS/"
"18469333804107907","Ayo iki sek mati gak ngisi tandonku!!!","2026-06-10T17:19:17.000Z","taniapsari1","https://scontent-lga3-3.cdninstagram.com/v/t51.89012-19/573323465_1219825463302212_7278921664109726296_n.jpg?stp=dst-jpg_s150x150_tt6&_nc_cat=1&ccb=7-5&_nc_sid=f7ccc5&efg=eyJ2ZW5jb2RlX3RhZyI6InByb2ZpbGVfcGljLnd3dy5DMyJ9&_nc_ohc=EkQi9fN4D_8Q7kNvwFm5r1A&_nc_oc=AdpqvhxWYurKqXFpo-Ko9V1PXXVjCnICKLd9NEiH20gtFoqgEyNC5sR0C7oPlHArD0Q&_nc_zt=24&_nc_ht=scontent-lga3-3.cdninstagram.com&_nc_gid=9RXA6an19gkd4T_y6rvSVw&_nc_ss=72a8c&oh=00_Af9cA7IU-EtInxRFLjFBOskqCWTwutd4IV4P6DTIZDv7dw&oe=6A3DCFE2","https://www.instagram.com/p/DZXc4BmhtpS/"
"18005167808923561","Sudah kuduga ,,😮‍💨","2026-06-09T19:24:58.000Z","harianto_eko94","https://scontent-lga3-2.cdninstagram.com/v/t51.2885-19/447661045_1564465677437625_7376555309406963173_n.jpg?stp=dst-jpg_s150x150_tt6&_nc_cat=101&ccb=7-5&_nc_sid=f7ccc5&efg=eyJ2ZW5jb2RlX3RhZyI6InByb2ZpbGVfcGljLnd3dy4xMDgwLkMzIn0%3D&_nc_ohc=jJWI1-1syc4Q7kNvwEyArz6&_nc_oc=AdoqMnebZ9emuDGv3sLk8b3Gjvgl_fafPp6IpyVCmeVOZget_D6gXAO78pRzsvCc2pc&_nc_zt=24&_nc_ht=scontent-lga3-2.cdninstagram.com&_nc_ss=72a8c&oh=00_Af_sINVZObbmvjh-L_M8KjMSe5-SeX27RI-MmRb3GUnOUQ&oe=6A3DC1C5","https://www.instagram.com/p/DZXc4BmhtpS/"
"18066249320437362","SELAMAT 👍👍👍","2026-06-12T10:35:16.000Z","hendro_hawk","https://scontent-atl3-1.cdninstagram.com/v/t51.2885-19/291790445_1750703541944988_1368712332581920943_n.jpg?stp=dst-jpg_s150x150_tt6&_nc_cat=100&ccb=7-5&_nc_sid=f7ccc5&efg=eyJ2ZW5jb2RlX3RhZyI6InByb2ZpbGVfcGljLnd3dy44NjAuQzMifQ%3D%3D&_nc_ohc=WNahFLjv_pQQ7kNvwG2Ps1o&_nc_oc=AdpuC0prZzzeGjy_ThN3BB7er0F0MUUVTS2lMjdIwiK7dYqOKGi2_kwAV2laQyiyKWY&_nc_zt=24&_nc_ht=scontent-atl3-1.cdninstagram.com&_nc_ss=72689&oh=00_Af-LshptDw-sWVxXmjpUtQPrMLrlUULKxiwBTZfLxrzt9Q&oe=6A3DBBBE","https://www.instagram.com/p/DZemWWtEywg/"
"18035736389801945","❤️","2026-06-12T10:13:43.000Z","umdatussoleha","https://scontent-atl3-3.cdninstagram.com/v/t51.2885-19/10449018_372132846300841_1407243538_a.jpg?_nc_cat=108&ccb=7-5&_nc_sid=f7ccc5&efg=eyJ2ZW5jb2RlX3RhZyI6InByb2ZpbGVfcGljLnd3dy4xNTAuQzMifQ%3D%3D&_nc_ohc=3lEvrYzWDQ0Q7kNvwGlBQ21&_nc_oc=Adot4pR30d6_bBhX-L3pcMuV7uwlDDi90IdCi_wQir-KvE5frGLn1g_UErv5JYCztuI&_nc_zt=24&_nc_ht=scontent-atl3-3.cdninstagram.com&_nc_ss=72689&oh=00_Af8WuO-qyMD_mNyxjn6iOXUILJJ6Bd13uEqlaA7jPbmd6A&oe=6A3DAE3E","https://www.instagram.com/p/DZemWWtEywg/"
"17889170835557752","Keren 🔥","2026-06-12T08:13:22.000Z","why.rdnt","https://scontent-atl3-1.cdninstagram.com/v/t51.82787-19/671252776_17923673919285215_3378446907741685052_n.jpg?stp=dst-jpg_s150x150_tt6&_nc_cat=100&ccb=7-5&_nc_sid=f7ccc5&efg=eyJ2ZW5jb2RlX3RhZyI6InByb2ZpbGVfcGljLnd3dy4xMDgwLkMzIn0%3D&_nc_ohc=mKIP0X40h5kQ7kNvwGm3rXN&_nc_oc=Adr2l6uV0Bw0EsFz1tReqdzjOG83kAFHDsv1cebf3L1DUEOHf-mI-v57tx98bv9c9II&_nc_zt=24&_nc_ht=scontent-atl3-1.cdninstagram.com&_nc_gid=5XP78h8wGqrSc9TsPSWsoQ&_nc_ss=72689&oh=00_Af9OfaIEd008l8sA44vk3eWqUgLRQBHSUtktfNkT2oT66Q&oe=6A3DB700","https://www.instagram.com/p/DZemWWtEywg/"
"18087499589096061","Jambangan air klo pagi sulittttt","2026-06-05T01:24:26.000Z","miftachul_retna","https://scontent.cdninstagram.com/v/t51.82787-19/658353576_18583312897046024_474190278116935730_n.jpg?stp=dst-jpg_s150x150_tt6&_nc_cat=106&ccb=7-5&_nc_sid=f7ccc5&efg=eyJ2ZW5jb2RlX3RhZyI6InByb2ZpbGVfcGljLnd3dy4xMDgwLkMzIn0%3D&_nc_ohc=D7j3IDla2rwQ7kNvwEHFuBG&_nc_oc=Adqq55XynvozkWAAST7AZWY2t7UdSQs3G8nn18vfq_FnyjBsJQlrKEb7U9YbD-Ha768&_nc_zt=24&_nc_ht=scontent.cdninstagram.com&_nc_gid=fIclHQ53rjUR3VGfdF307g&_nc_ss=72a8c&oh=00_Af-b7H9LahQik6Wd8-QPZCgO9045BjMB4HeE5JXPrrcghg&oe=6A3DC8D5","https://www.instagram.com/p/DZKXXCuT80x/"
"17882592942570620","kok setiap pagi di daerah setro selalu airnya mati?, nanti ngalir lagi jam 9 an malem ke atas. kenapa?, dijatah tah sama wilayah lain?, debit air kalian ga cukup?","2026-06-04T23:45:57.000Z","chrisred_85","https://scontent.cdninstagram.com/v/t51.82787-19/670458753_18580943455062091_5701313097450424624_n.jpg?stp=dst-jpg_s150x150_tt6&_nc_cat=100&ccb=7-5&_nc_sid=f7ccc5&efg=eyJ2ZW5jb2RlX3RhZyI6InByb2ZpbGVfcGljLnd3dy44ODAuQzMifQ%3D%3D&_nc_ohc=z07Z4FZBCkkQ7kNvwHzK0fX&_nc_oc=AdpskSDZQ-wgMTs3tNRs_5-xyl0tzM2v4lEoCJQhM3nDOk5on_LIpjUAx6ot3CGlFW0&_nc_zt=24&_nc_ht=scontent.cdninstagram.com&_nc_gid=fIclHQ53rjUR3VGfdF307g&_nc_ss=72a8c&oh=00_Af-PQ9iu4myAzc2gOQeE4pIioECVZpNOHlw0sMcW2N2-uQ&oe=6A3DC4F5","https://www.instagram.com/p/DZKXXCuT80x/"
"17907154620421959","Ini yang terdampak bukan hanya manyar rejo ,tapi manyar jaya gang 5-9 terdampak air mati mulai semalam smpi skg tidak menyala tolong segera d benahi @pdamsuryasembada","2026-06-04T11:27:19.000Z","nicclaudyaa","https://scontent.cdninstagram.com/v/t51.2885-19/330222710_849471626128077_5114713272229340525_n.jpg?stp=dst-jpg_s150x150_tt6&_nc_cat=100&ccb=7-5&_nc_sid=f7ccc5&efg=eyJ2ZW5jb2RlX3RhZyI6InByb2ZpbGVfcGljLnd3dy4xMDgwLkMzIn0%3D&_nc_ohc=i3b1D3n8_SMQ7kNvwGBUw2k&_nc_oc=AdqyCu5cNCs42yBuaURBgbnU_flPUdcDCkh-AgMSWW1h3wLtpNoYLYrvTViXy5n7Lhg&_nc_zt=24&_nc_ht=scontent.cdninstagram.com&_nc_ss=72a8c&oh=00_Af8EOPiMh908vSNV9DGYG4VSQUso4h5g38KVAJOu04vBaA&oe=6A3DCDA1","https://www.instagram.com/p/DZKXXCuT80x/"
"18038660117801819","tolong sampaikan RAHADYAN HERWANDRASTO SH
segera selesaikan utang pinjama online sekarang juga, jagan lari dari tanggung jawab !!!!!!!!!!!!!","2026-06-17T08:24:35.000Z","sasaamelia9767","https://scontent-atl3-3.cdninstagram.com/v/t51.89012-19/573323465_1219825463302212_7278921664109726296_n.jpg?stp=dst-jpg_s150x150_tt6&_nc_cat=1&ccb=7-5&_nc_sid=f7ccc5&efg=eyJ2ZW5jb2RlX3RhZyI6InByb2ZpbGVfcGljLnd3dy5DMyJ9&_nc_ohc=EkQi9fN4D_8Q7kNvwFriUz7&_nc_oc=AdoGfzwxaGIcRP6QO4BYHvBB7M2Gz1F0Il_GLJZ8LMwRx3Jo5KViXWaFAg_a4ZAqIp0&_nc_zt=24&_nc_ht=scontent-atl3-3.cdninstagram.com&_nc_gid=VCcimmscJksud1DeMHVHbg&_nc_ss=72a8c&oh=00_Af947okmokKxngbiZSkfAcS3yt2aHbjAwACzp4x5bwkHOQ&oe=6A3DCFE2","https://www.instagram.com/p/DZjmFpCS93a/"
"18221207026320296","Halo min saya bingung mau tanya masalah buka segel HBS pemutusan itu kena berapa ? Karna melalui wa gak bisa tanya jawab .","2026-06-14T12:53:28.000Z","vi.zaa_","https://scontent-atl3-2.cdninstagram.com/v/t51.2885-19/139692445_2794539427529216_7268720615984955896_n.jpg?stp=dst-jpg_s150x150_tt6&_nc_cat=104&ccb=7-5&_nc_sid=f7ccc5&efg=eyJ2ZW5jb2RlX3RhZyI6InByb2ZpbGVfcGljLnd3dy4xMDgwLkMzIn0%3D&_nc_ohc=xlHQISEgC4UQ7kNvwETYAla&_nc_oc=AdqKN2kbKv5ah7BIsokhonInil7gZcx2PSKlkHsrC1XMSDHDh9v7v-X8cB5cfbCIk4Y&_nc_zt=24&_nc_ht=scontent-atl3-2.cdninstagram.com&_nc_ss=72a8c&oh=00_Af_hP-a5zQHxOjdFifd8FsCUBBlfpA22Vx8_HImX4UeA0w&oe=6A3DCEAB","https://www.instagram.com/p/DZjmFpCS93a/"
"17998993973958378","wkwkwkwkwk","2026-06-14T07:42:09.000Z","subahan_hadi","https://scontent-atl3-3.cdninstagram.com/v/t51.82787-19/727470766_18023217845838252_5596786516250992329_n.jpg?stp=dst-jpg_s150x150_tt6&_nc_cat=108&ccb=7-5&_nc_sid=f7ccc5&efg=eyJ2ZW5jb2RlX3RhZyI6InByb2ZpbGVfcGljLnd3dy4zMjAuQzMifQ%3D%3D&_nc_ohc=eWMuAKUocxsQ7kNvwEeNTMr&_nc_oc=AdoSm2j8VdF0E26bm7rEjvMO0YDFhewVvAwstr2vXHHD7xxrmq63KDp8ZFTni0E_LYQ&_nc_zt=24&_nc_ht=scontent-atl3-3.cdninstagram.com&_nc_gid=VCcimmscJksud1DeMHVHbg&_nc_ss=72a8c&oh=00_Af_hJWnHIoQ_ZH0XG_zIGFFOmvnEg4QEK_oOYVu4XeB7tQ&oe=6A3DAC78","https://www.instagram.com/p/DZjmFpCS93a/"
"18113705156506952","","2026-06-14T06:35:45.000Z","dewaamln","https://scontent-atl3-1.cdninstagram.com/v/t51.82787-19/602332715_18425012854114869_8522084159749941913_n.jpg?stp=dst-jpg_s150x150_tt6&_nc_cat=106&ccb=7-5&_nc_sid=f7ccc5&efg=eyJ2ZW5jb2RlX3RhZyI6InByb2ZpbGVfcGljLnd3dy4xMDgwLkMzIn0%3D&_nc_ohc=em5y_phJVCwQ7kNvwF8ecxs&_nc_oc=AdrtPWfRcGskzPp9U44HgU3PjPTRtypvqLdDVtDLGJZhyflrAGrSMJ-7YXX-XlfvM08&_nc_zt=24&_nc_ht=scontent-atl3-1.cdninstagram.com&_nc_gid=VCcimmscJksud1DeMHVHbg&_nc_ss=72a8c&oh=00_Af9zTJPQDC6J7PTrxWzRyTkGEUPKpE1jQ9MmEqA_u2qupw&oe=6A3DC3D6","https://www.instagram.com/p/DZjmFpCS93a/"
"18063832451474963","Kita selaku konsumen yg sudah ketergantungan dengan jasa anda sebagai Perusahaan Penyedia Air bersih kota surabaya tidak mau tau dengan kemajuan teknologi yang dipakai, taunya kami aliran air dirumah normal, setiap kali buka kran ada air, tapi nyatanya yang saya rasakaan, bahkan hampir 1RW wilayah saya, jam.5 pagi sudah mulai susah air, jm.16 sore hari susah air, terus fungsinya apa dengan yeknologi tersebut, kalo distribusi air ke pelanggan pembiaran/normalisasi perihal Susah Dapat Air, SULIT...!!!","2026-06-05T05:37:59.000Z","fungkywijaya_fw","https://scontent-mia5-1.cdninstagram.com/v/t51.2885-19/262719565_517407139719964_7957770888471711425_n.jpg?stp=dst-jpg_s150x150_tt6&_nc_cat=101&ccb=7-5&_nc_sid=f7ccc5&efg=eyJ2ZW5jb2RlX3RhZyI6InByb2ZpbGVfcGljLnd3dy43NDYuQzMifQ%3D%3D&_nc_ohc=TgU2krZCHIEQ7kNvwHGVOP-&_nc_oc=AdprJGKLn0ABG-JJWRVW5ifFsUyB3Zq6Ba1Dxl7JMXNCepkW3bbU4VUqorLWdtTmwdg&_nc_zt=24&_nc_ht=scontent-mia5-1.cdninstagram.com&_nc_ss=7ca8c&oh=00_Af-PpPa_hnbWIABhLgYrbmsDSGPIgQ1pOUnoFo4Re1kwQg&oe=6A3DC49B","https://www.instagram.com/p/DZMDFzVE-Nt/"
"18187503187377946","percuma kalo aliran air ke pelanggan ga normal","2026-06-05T05:32:40.000Z","chrisred_85","https://scontent-mia5-2.cdninstagram.com/v/t51.82787-19/670458753_18580943455062091_5701313097450424624_n.jpg?stp=dst-jpg_s150x150_tt6&_nc_cat=100&ccb=7-5&_nc_sid=f7ccc5&efg=eyJ2ZW5jb2RlX3RhZyI6InByb2ZpbGVfcGljLnd3dy44ODAuQzMifQ%3D%3D&_nc_ohc=z07Z4FZBCkkQ7kNvwHnJG8x&_nc_oc=AdqXn-6LX08Yu2WRR0l7xGh55Vrp5yucNLqtjhZlxs45hbhqXBqDdoqR0mJigTVmK3Q&_nc_zt=24&_nc_ht=scontent-mia5-2.cdninstagram.com&_nc_gid=Puhf9-0skcHzVYDj4IpyLQ&_nc_ss=7ca8c&oh=00_Af_at8HsKFyv_W27mzCP1Suj8KL7FhBRDmuW_I13dXYZxQ&oe=6A3DC4F5","https://www.instagram.com/p/DZMDFzVE-Nt/"
"18101671294844955","Saya tiap bln bayar air 300rb ke atas..tapi air saya jam 5 SD jam 9.30 mati ...PKL 16.00 SD 18.30 mati...kapan hr SDH di laporkan .. Alhamdulillah lancar....kok kambuh lagi airnya spt ini.😢","2026-06-05T03:06:29.000Z","wennyisnaeni","https://scontent-mia5-1.cdninstagram.com/v/t51.82787-19/671871667_18393769654084326_3910581046549180821_n.jpg?stp=dst-jpg_s150x150_tt6&_nc_cat=102&ccb=7-5&_nc_sid=f7ccc5&efg=eyJ2ZW5jb2RlX3RhZyI6InByb2ZpbGVfcGljLnd3dy4xMDgwLkMzIn0%3D&_nc_ohc=aqAbTGKH2E8Q7kNvwHTDNyK&_nc_oc=AdoAwwaqHde-FWpn9kpejagrx3Urczh4Qcd2tp12J7YqEFn7jLgAmvEFWjf41A-EOIY&_nc_zt=24&_nc_ht=scontent-mia5-1.cdninstagram.com&_nc_gid=Puhf9-0skcHzVYDj4IpyLQ&_nc_ss=7ca8c&oh=00_Af_dAFutoBRMO9fA5yESrpQ95kO9s4v6DzpqKafbw6zK-Q&oe=6A3DBC65","https://www.instagram.com/p/DZMDFzVE-Nt/"
